run_id,payload_bytes,wrap_latency_ms,unwrap_latency_ms,round_trip_latency_ms,capsule_total_bytes,amplification_bytes,amplification_pct,wrap_energy_proxy_mj,unwrap_energy_proxy_mj,round_trip_energy_proxy_mj,correctness_ok,kem_alg,sig_alg,liboqs_version,hw_platform,timestamp_utc
0,256,0.2827,0.095,0.3777,4735,4479,1749.61,4.2409,1.4245,5.6654,True,ML-KEM-768,ML-DSA-65,0.15.0,edge/x86_64,2026-10-09T18:44:23Z
1,256,0.1465,0.0945,0.2409,4735,4479,1749.61,2.197,1.4169,3.6138,True,ML-KEM-768,ML-DSA-65,0.15.0,edge/x86_64,2026-10-09T18:44:23Z
2,256,0.2367,0.0985,0.3352,4735,4479,1749.61,3.55,1.4777,5.0277,True,ML-KEM-768,ML-DSA-65,0.15.0,edge/x86_64,2026-10-09T18:44:23Z
3,256,0.1356,0.0938,0.2294,4735,4479,1749.61,2.0334,1.4076,3.441,True,ML-KEM-768,ML-DSA-65,0.15.0,edge/x86_64,2026-10-09T18:44:23Z
4,256,0.2542,0.1025,0.3567,4735,4479,1749.61,3.8125,1.538,5.3506,True,ML-KEM-768,ML-DSA-65,0.15.0,edge/x86_64,2026-10-09T18:44:23Z
5,256,0.1678,0.0975,0.2653,4735,4479,1749.61,2.5166,1.4625,3.9791,True,ML-KEM-768,ML-DSA-65,0.15.0,edge/x86_64,2026-10-09T18:44:23Z
6,256,0.1665,0.0947,0.2612,4735,4479,1749.61,2.4977,1.4202,3.9179,True,ML-KEM-768,ML-DSA-65,0.15.0,edge/x86_64,2026-10-09T18:44:23Z
7,256,0.2653,0.0992,0.3645,4735,4479,1749.61,3.9791,1.4885,5.4675,True,ML-KEM-768,ML-DSA-65,0.15.0,edge/x86_64,2026-10-09T18:44:23Z
8,256,0.2764,0.1299,0.4062,4735,4479,1749.61,4.1453,1.9484,6.0937,True,ML-KEM-768,ML-DSA-65,0.15.0,edge/x86_64,2026-10-09T18:44:23Z
9,256,0.1462,0.0939,0.2401,4735,4479,1749.61,2.1927,1.4088,3.6015,True,ML-KEM-768,ML-DSA-65,0.15.0,edge/x86_64,2026-10-09T18:44:23Z
10,256,0.1741,0.0936,0.2676,4735,4479,1749.61,2.6112,1.4034,4.0146,True,ML-KEM-768,ML-DSA-65,0.15.0,edge/x86_64,2026-10-09T18:44:23Z
11,256,0.1162,0.1468,0.263,4735,4479,1749.61,1.7431,2.2026,3.9457,True,ML-KEM-768,ML-DSA-65,0.15.0,edge/x86_64,2026-10-09T18:44:23Z
12,256,0.1436,0.0931,0.2367,4735,4479,1749.61,2.1539,1.3971,3.551,True,ML-KEM-768,ML-DSA-65,0.15.0,edge/x86_64,2026-10-09T18:44:23Z
13,256,0.1175,0.0935,0.211,4735,4479,1749.61,1.7627,1.4026,3.1653,True,ML-KEM-768,ML-DSA-65,0.15.0,edge/x86_64,2026-10-09T18:44:23Z
14,256,0.3663,0.1221,0.4884,4735,4479,1749.61,5.4947,1.8308,7.3256,True,ML-KEM-768,ML-DSA-65,0.15.0,edge/x86_64,2026-10-09T18:44:23Z
15,256,0.1762,0.0968,0.273,4735,4479,1749.61,2.6433,1.4522,4.0954,True,ML-KEM-768,ML-DSA-65,0.15.0,edge/x86_64,2026-10-09T18:44:23Z
16,256,0.1184,0.0937,0.2121,4735,4479,1749.61,1.7755,1.4054,3.1809,True,ML-KEM-768,ML-DSA-65,0.15.0,edge/x86_64,2026-10-09T18:44:23Z
17,256,0.2206,0.0929,0.3136,4735,4479,1749.61,3.3097,1.394,4.7037,True,ML-KEM-768,ML-DSA-65,0.15.0,edge/x86_64,2026-10-09T18:44:23Z
18,256,0.1306,0.1139,0.2444,4735,4479,1749.61,1.9584,1.7079,3.6663,True,ML-KEM-768,ML-DSA-65,0.15.0,edge/x86_64,2026-10-09T18:44:23Z
19,256,0.1428,0.0937,0.2366,4735,4479,1749.61,2.1426,1.4058,3.5484,True,ML-KEM-768,ML-DSA-65,0.15.0,edge/x86_64,2026-10-09T18:44:23Z
20,256,0.1165,0.0929,0.2093,4735,4479,1749.61,1.7468,1.3928,3.1396,True,ML-KEM-768,ML-DSA-65,0.15.0,edge/x86_64,2026-10-09T18:44:23Z
21,256,0.227,0.1067,0.3337,4735,4479,1749.61,3.405,1.6007,5.0057,True,ML-KEM-768,ML-DSA-65,0.15.0,edge/x86_64,2026-10-09T18:44:23Z
22,256,0.2065,0.1035,0.31,4735,4479,1749.61,3.0971,1.5523,4.6494,True,ML-KEM-768,ML-DSA-65,0.15.0,edge/x86_64,2026-10-09T18:44:23Z
23,256,0.1985,0.0941,0.2926,4735,4479,1749.61,2.9777,1.4113,4.389,True,ML-KEM-768,ML-DSA-65,0.15.0,edge/x86_64,2026-10-09T18:44:23Z
24,256,0.1421,0.093,0.2352,4735,4479,1749.61,2.132,1.3954,3.5273,True,ML-KEM-768,ML-DSA-65,0.15.0,edge/x86_64,2026-10-09T18:44:23Z
25,256,0.1511,0.1143,0.2653,4735,4479,1749.61,2.2658,1.7141,3.9798,True,ML-KEM-768,ML-DSA-65,0.15.0,edge/x86_64,2026-10-09T18:44:23Z
26,256,0.1508,0.0925,0.2433,4735,4479,1749.61,2.2614,1.3881,3.6495,True,ML-KEM-768,ML-DSA-65,0.15.0,edge/x86_64,2026-10-09T18:44:23Z
27,256,0.1159,0.0928,0.2088,4735,4479,1749.61,1.7388,1.3927,3.1315,True,ML-KEM-768,ML-DSA-65,0.15.0,edge/x86_64,2026-10-09T18:44:23Z
28,256,0.1279,0.0961,0.224,4735,4479,1749.61,1.919,1.4412,3.3602,True,ML-KEM-768,ML-DSA-65,0.15.0,edge/x86_64,2026-10-09T18:44:23Z
29,256,0.2235,0.1093,0.3328,4735,4479,1749.61,3.352,1.6393,4.9913,True,ML-KEM-768,ML-DSA-65,0.15.0,edge/x86_64,2026-10-09T18:44:23Z
30,256,0.2599,0.0969,0.3568,4735,4479,1749.61,3.8979,1.4536,5.3514,True,ML-KEM-768,ML-DSA-65,0.15.0,edge/x86_64,2026-10-09T18:44:23Z
31,256,0.1431,0.0948,0.238,4735,4479,1749.61,2.147,1.4225,3.5695,True,ML-KEM-768,ML-DSA-65,0.15.0,edge/x86_64,2026-10-09T18:44:23Z
32,256,0.3727,0.2094,0.5821,4735,4479,1749.61,5.5902,3.1408,8.731,True,ML-KEM-768,ML-DSA-65,0.15.0,edge/x86_64,2026-10-09T18:44:23Z
33,256,0.2627,0.2102,0.4729,4735,4479,1749.61,3.9408,3.1527,7.0934,True,ML-KEM-768,ML-DSA-65,0.15.0,edge/x86_64,2026-10-09T18:44:23Z
34,256,0.325,0.1549,0.48,4735,4479,1749.61,4.8757,2.3241,7.1998,True,ML-KEM-768,ML-DSA-65,0.15.0,edge/x86_64,2026-10-09T18:44:23Z
35,256,0.2929,0.1859,0.4788,4735,4479,1749.61,4.3941,2.7879,7.182,True,ML-KEM-768,ML-DSA-65,0.15.0,edge/x86_64,2026-10-09T18:44:23Z
36,256,0.4172,0.1495,0.5667,4735,4479,1749.61,6.2577,2.2427,8.5004,True,ML-KEM-768,ML-DSA-65,0.15.0,edge/x86_64,2026-10-09T18:44:23Z
37,256,0.1813,0.145,0.3263,4735,4479,1749.61,2.7194,2.1745,4.894,True,ML-KEM-768,ML-DSA-65,0.15.0,edge/x86_64,2026-10-09T18:44:23Z
38,256,0.2465,0.1787,0.4252,4735,4479,1749.61,3.697,2.6802,6.3773,True,ML-KEM-768,ML-DSA-65,0.15.0,edge/x86_64,2026-10-09T18:44:23Z
39,256,0.185,0.1407,0.3258,4735,4479,1749.61,2.7757,2.1112,4.8869,True,ML-KEM-768,ML-DSA-65,0.15.0,edge/x86_64,2026-10-09T18:44:23Z
40,256,0.2779,0.1544,0.4324,4735,4479,1749.61,4.1687,2.3166,6.4853,True,ML-KEM-768,ML-DSA-65,0.15.0,edge/x86_64,2026-10-09T18:44:23Z
41,256,0.3556,0.158,0.5136,4735,4479,1749.61,5.3338,2.3698,7.7036,True,ML-KEM-768,ML-DSA-65,0.15.0,edge/x86_64,2026-10-09T18:44:23Z
42,256,0.2097,0.1961,0.4058,4735,4479,1749.61,3.1452,2.9412,6.0864,True,ML-KEM-768,ML-DSA-65,0.15.0,edge/x86_64,2026-10-09T18:44:23Z
43,256,0.2802,0.1521,0.4324,4735,4479,1749.61,4.2034,2.2819,6.4853,True,ML-KEM-768,ML-DSA-65,0.15.0,edge/x86_64,2026-10-09T18:44:23Z
44,256,0.1958,0.1451,0.3409,4735,4479,1749.61,2.9363,2.1772,5.1135,True,ML-KEM-768,ML-DSA-65,0.15.0,edge/x86_64,2026-10-09T18:44:23Z
45,256,0.3127,0.2001,0.5128,4735,4479,1749.61,4.6904,3.001,7.6914,True,ML-KEM-768,ML-DSA-65,0.15.0,edge/x86_64,2026-10-09T18:44:23Z
46,256,0.1838,0.1442,0.328,4735,4479,1749.61,2.7567,2.163,4.9197,True,ML-KEM-768,ML-DSA-65,0.15.0,edge/x86_64,2026-10-09T18:44:23Z
47,256,0.3102,0.1738,0.4841,4735,4479,1749.61,4.6534,2.6075,7.2609,True,ML-KEM-768,ML-DSA-65,0.15.0,edge/x86_64,2026-10-09T18:44:23Z
48,256,0.4047,0.1905,0.5953,4735,4479,1749.61,6.0709,2.8581,8.929,True,ML-KEM-768,ML-DSA-65,0.15.0,edge/x86_64,2026-10-09T18:44:23Z
49,256,0.2379,0.2465,0.4843,4735,4479,1749.61,3.5681,3.697,7.265,True,ML-KEM-768,ML-DSA-65,0.15.0,edge/x86_64,2026-10-09T18:44:23Z
50,256,0.4091,0.1511,0.5602,4735,4479,1749.61,6.137,2.2662,8.4032,True,ML-KEM-768,ML-DSA-65,0.15.0,edge/x86_64,2026-10-09T18:44:23Z
51,256,0.2378,0.1715,0.4093,4735,4479,1749.61,3.5668,2.5728,6.1396,True,ML-KEM-768,ML-DSA-65,0.15.0,edge/x86_64,2026-10-09T18:44:23Z
52,256,0.5523,0.1661,0.7184,4735,4479,1749.61,8.2852,2.4908,10.7759,True,ML-KEM-768,ML-DSA-65,0.15.0,edge/x86_64,2026-10-09T18:44:23Z
53,256,0.2311,0.1905,0.4216,4735,4479,1749.61,3.4668,2.8568,6.3236,True,ML-KEM-768,ML-DSA-65,0.15.0,edge/x86_64,2026-10-09T18:44:23Z
54,256,0.2722,0.1481,0.4203,4735,4479,1749.61,4.0827,2.2211,6.3038,True,ML-KEM-768,ML-DSA-65,0.15.0,edge/x86_64,2026-10-09T18:44:23Z
55,256,0.223,0.1683,0.3913,4735,4479,1749.61,3.3455,2.5238,5.8693,True,ML-KEM-768,ML-DSA-65,0.15.0,edge/x86_64,2026-10-09T18:44:23Z
56,256,0.4631,0.1599,0.623,4735,4479,1749.61,6.9468,2.3979,9.3447,True,ML-KEM-768,ML-DSA-65,0.15.0,edge/x86_64,2026-10-09T18:44:23Z
57,256,0.2781,0.1547,0.4328,4735,4479,1749.61,4.1711,2.3204,6.4915,True,ML-KEM-768,ML-DSA-65,0.15.0,edge/x86_64,2026-10-09T18:44:23Z
58,256,0.6626,0.2131,0.8757,4735,4479,1749.61,9.9395,3.1963,13.1358,True,ML-KEM-768,ML-DSA-65,0.15.0,edge/x86_64,2026-10-09T18:44:23Z
59,256,0.3747,0.1645,0.5392,4735,4479,1749.61,5.621,2.4674,8.0885,True,ML-KEM-768,ML-DSA-65,0.15.0,edge/x86_64,2026-10-09T18:44:23Z
60,256,0.1892,0.1695,0.3587,4735,4479,1749.61,2.8381,2.5423,5.3804,True,ML-KEM-768,ML-DSA-65,0.15.0,edge/x86_64,2026-10-09T18:44:23Z
61,256,0.2029,0.1944,0.3973,4735,4479,1749.61,3.0429,2.9162,5.959,True,ML-KEM-768,ML-DSA-65,0.15.0,edge/x86_64,2026-10-09T18:44:23Z
62,256,0.4189,0.1762,0.595,4735,4479,1749.61,6.2828,2.6429,8.9257,True,ML-KEM-768,ML-DSA-65,0.15.0,edge/x86_64,2026-10-09T18:44:23Z
63,256,0.5129,0.2604,0.7733,4735,4479,1749.61,7.6937,3.9054,11.5991,True,ML-KEM-768,ML-DSA-65,0.15.0,edge/x86_64,2026-10-09T18:44:23Z
64,256,0.2568,0.163,0.4198,4735,4479,1749.61,3.8516,2.4457,6.2973,True,ML-KEM-768,ML-DSA-65,0.15.0,edge/x86_64,2026-10-09T18:44:23Z
65,256,0.3101,0.1596,0.4697,4735,4479,1749.61,4.6521,2.3935,7.0456,True,ML-KEM-768,ML-DSA-65,0.15.0,edge/x86_64,2026-10-09T18:44:23Z
66,256,0.4357,0.1697,0.6054,4735,4479,1749.61,6.5349,2.546,9.0808,True,ML-KEM-768,ML-DSA-65,0.15.0,edge/x86_64,2026-10-09T18:44:23Z
67,256,0.2228,0.211,0.4338,4735,4479,1749.61,3.342,3.1649,6.5069,True,ML-KEM-768,ML-DSA-65,0.15.0,edge/x86_64,2026-10-09T18:44:23Z
68,256,0.2726,0.1733,0.4459,4735,4479,1749.61,4.0891,2.5993,6.6884,True,ML-KEM-768,ML-DSA-65,0.15.0,edge/x86_64,2026-10-09T18:44:23Z
69,256,0.4919,0.2038,0.6957,4735,4479,1749.61,7.378,3.0572,10.4352,True,ML-KEM-768,ML-DSA-65,0.15.0,edge/x86_64,2026-10-09T18:44:23Z
70,256,0.3185,0.1577,0.4761,4735,4479,1749.61,4.7769,2.3653,7.1422,True,ML-KEM-768,ML-DSA-65,0.15.0,edge/x86_64,2026-10-09T18:44:23Z
71,256,0.2184,0.1571,0.3755,4735,4479,1749.61,3.2756,2.357,5.6325,True,ML-KEM-768,ML-DSA-65,0.15.0,edge/x86_64,2026-10-09T18:44:23Z
72,256,0.2183,0.1581,0.3764,4735,4479,1749.61,3.2744,2.3717,5.6462,True,ML-KEM-768,ML-DSA-65,0.15.0,edge/x86_64,2026-10-09T18:44:23Z
73,256,0.2247,0.2287,0.4534,4735,4479,1749.61,3.3711,3.4304,6.8014,True,ML-KEM-768,ML-DSA-65,0.15.0,edge/x86_64,2026-10-09T18:44:23Z
74,256,0.4016,0.172,0.5736,4735,4479,1749.61,6.0234,2.5804,8.6037,True,ML-KEM-768,ML-DSA-65,0.15.0,edge/x86_64,2026-10-09T18:44:23Z
75,256,0.2102,0.1577,0.3679,4735,4479,1749.61,3.1529,2.3655,5.5185,True,ML-KEM-768,ML-DSA-65,0.15.0,edge/x86_64,2026-10-09T18:44:23Z
76,256,0.3926,0.165,0.5576,4735,4479,1749.61,5.8893,2.4747,8.364,True,ML-KEM-768,ML-DSA-65,0.15.0,edge/x86_64,2026-10-09T18:44:23Z
77,256,0.2571,0.1548,0.4119,4735,4479,1749.61,3.8567,2.322,6.1787,True,ML-KEM-768,ML-DSA-65,0.15.0,edge/x86_64,2026-10-09T18:44:23Z
78,256,0.5368,0.1897,0.7265,4735,4479,1749.61,8.0518,2.8456,10.8973,True,ML-KEM-768,ML-DSA-65,0.15.0,edge/x86_64,2026-10-09T18:44:23Z
79,256,0.6484,0.185,0.8334,4735,4479,1749.61,9.7259,2.7757,12.5016,True,ML-KEM-768,ML-DSA-65,0.15.0,edge/x86_64,2026-10-09T18:44:23Z
80,256,0.2601,0.1565,0.4166,4735,4479,1749.61,3.9013,2.348,6.2493,True,ML-KEM-768,ML-DSA-65,0.15.0,edge/x86_64,2026-10-09T18:44:23Z
81,256,0.2725,0.1645,0.437,4735,4479,1749.61,4.087,2.4677,6.5548,True,ML-KEM-768,ML-DSA-65,0.15.0,edge/x86_64,2026-10-09T18:44:23Z
82,256,0.3997,0.1585,0.5582,4735,4479,1749.61,5.9956,2.3779,8.3735,True,ML-KEM-768,ML-DSA-65,0.15.0,edge/x86_64,2026-10-09T18:44:23Z
83,256,0.3238,0.1602,0.4839,4735,4479,1749.61,4.8566,2.4023,7.2589,True,ML-KEM-768,ML-DSA-65,0.15.0,edge/x86_64,2026-10-09T18:44:23Z
84,256,0.1939,0.1534,0.3473,4735,4479,1749.61,2.9091,2.3011,5.2102,True,ML-KEM-768,ML-DSA-65,0.15.0,edge/x86_64,2026-10-09T18:44:23Z
85,256,0.5305,0.1944,0.7249,4735,4479,1749.61,7.9575,2.9162,10.8737,True,ML-KEM-768,ML-DSA-65,0.15.0,edge/x86_64,2026-10-09T18:44:23Z
86,256,0.1992,0.168,0.3673,4735,4479,1749.61,2.9884,2.5204,5.5088,True,ML-KEM-768,ML-DSA-65,0.15.0,edge/x86_64,2026-10-09T18:44:23Z
87,256,0.2147,0.1532,0.3679,4735,4479,1749.61,3.2209,2.2978,5.5187,True,ML-KEM-768,ML-DSA-65,0.15.0,edge/x86_64,2026-10-09T18:44:23Z
88,256,0.2746,0.1542,0.4287,4735,4479,1749.61,4.1184,2.3124,6.4308,True,ML-KEM-768,ML-DSA-65,0.15.0,edge/x86_64,2026-10-09T18:44:23Z
89,256,0.2333,0.1717,0.405,4735,4479,1749.61,3.4996,2.5748,6.0745,True,ML-KEM-768,ML-DSA-65,0.15.0,edge/x86_64,2026-10-09T18:44:23Z
90,256,0.2619,0.1562,0.4181,4735,4479,1749.61,3.9287,2.3428,6.2715,True,ML-KEM-768,ML-DSA-65,0.15.0,edge/x86_64,2026-10-09T18:44:23Z
91,256,0.2175,0.1529,0.3704,4735,4479,1749.61,3.2627,2.2936,5.5563,True,ML-KEM-768,ML-DSA-65,0.15.0,edge/x86_64,2026-10-09T18:44:23Z
92,256,0.3659,0.1677,0.5337,4735,4479,1749.61,5.4891,2.5159,8.005,True,ML-KEM-768,ML-DSA-65,0.15.0,edge/x86_64,2026-10-09T18:44:23Z
93,256,0.2346,0.2794,0.514,4735,4479,1749.61,3.5186,4.1911,7.7097,True,ML-KEM-768,ML-DSA-65,0.15.0,edge/x86_64,2026-10-09T18:44:23Z
94,256,0.4046,0.1633,0.5679,4735,4479,1749.61,6.0693,2.4497,8.5191,True,ML-KEM-768,ML-DSA-65,0.15.0,edge/x86_64,2026-10-09T18:44:23Z
95,256,0.2159,0.1851,0.401,4735,4479,1749.61,3.2379,2.7769,6.0148,True,ML-KEM-768,ML-DSA-65,0.15.0,edge/x86_64,2026-10-09T18:44:23Z
96,256,0.1914,0.1509,0.3422,4735,4479,1749.61,2.8704,2.2628,5.1332,True,ML-KEM-768,ML-DSA-65,0.15.0,edge/x86_64,2026-10-09T18:44:23Z
97,256,0.2518,0.1541,0.406,4735,4479,1749.61,3.7775,2.3119,6.0894,True,ML-KEM-768,ML-DSA-65,0.15.0,edge/x86_64,2026-10-09T18:44:23Z
98,256,0.761,0.2814,1.0424,4735,4479,1749.61,11.4152,4.2207,15.6359,True,ML-KEM-768,ML-DSA-65,0.15.0,edge/x86_64,2026-10-09T18:44:23Z
99,256,0.5285,0.1718,0.7003,4735,4479,1749.61,7.9269,2.5777,10.5046,True,ML-KEM-768,ML-DSA-65,0.15.0,edge/x86_64,2026-10-09T18:44:23Z
100,256,0.2427,0.2029,0.4456,4735,4479,1749.61,3.6406,3.0431,6.6837,True,ML-KEM-768,ML-DSA-65,0.15.0,edge/x86_64,2026-10-09T18:44:23Z
101,256,0.2774,0.1709,0.4484,4735,4479,1749.61,4.1617,2.5637,6.7254,True,ML-KEM-768,ML-DSA-65,0.15.0,edge/x86_64,2026-10-09T18:44:23Z
102,256,0.1911,0.2498,0.4409,4735,4479,1749.61,2.8659,3.7477,6.6136,True,ML-KEM-768,ML-DSA-65,0.15.0,edge/x86_64,2026-10-09T18:44:23Z
103,256,0.1952,0.1543,0.3495,4735,4479,1749.61,2.9277,2.3145,5.2423,True,ML-KEM-768,ML-DSA-65,0.15.0,edge/x86_64,2026-10-09T18:44:23Z
104,256,0.4416,0.2869,0.7285,4735,4479,1749.61,6.624,4.3031,10.9272,True,ML-KEM-768,ML-DSA-65,0.15.0,edge/x86_64,2026-10-09T18:44:23Z
105,256,0.2292,0.1694,0.3986,4735,4479,1749.61,3.4375,2.5412,5.9788,True,ML-KEM-768,ML-DSA-65,0.15.0,edge/x86_64,2026-10-09T18:44:23Z
106,256,0.2184,0.1565,0.3749,4735,4479,1749.61,3.2755,2.3478,5.6233,True,ML-KEM-768,ML-DSA-65,0.15.0,edge/x86_64,2026-10-09T18:44:23Z
107,256,0.2109,0.1512,0.3621,4735,4479,1749.61,3.164,2.268,5.432,True,ML-KEM-768,ML-DSA-65,0.15.0,edge/x86_64,2026-10-09T18:44:23Z
108,256,0.2897,0.1589,0.4485,4735,4479,1749.61,4.3448,2.3828,6.7275,True,ML-KEM-768,ML-DSA-65,0.15.0,edge/x86_64,2026-10-09T18:44:23Z
109,256,0.3119,0.1678,0.4797,4735,4479,1749.61,4.6788,2.5174,7.1962,True,ML-KEM-768,ML-DSA-65,0.15.0,edge/x86_64,2026-10-09T18:44:23Z
110,256,0.5275,0.287,0.8145,4735,4479,1749.61,7.9118,4.3056,12.2175,True,ML-KEM-768,ML-DSA-65,0.15.0,edge/x86_64,2026-10-09T18:44:23Z
111,256,0.3635,0.1582,0.5217,4735,4479,1749.61,5.4525,2.3725,7.825,True,ML-KEM-768,ML-DSA-65,0.15.0,edge/x86_64,2026-10-09T18:44:23Z
112,256,0.2402,0.1752,0.4154,4735,4479,1749.61,3.603,2.6283,6.2313,True,ML-KEM-768,ML-DSA-65,0.15.0,edge/x86_64,2026-10-09T18:44:23Z
113,256,0.4639,0.1631,0.627,4735,4479,1749.61,6.959,2.4464,9.4053,True,ML-KEM-768,ML-DSA-65,0.15.0,edge/x86_64,2026-10-09T18:44:23Z
114,256,0.2748,0.1595,0.4343,4735,4479,1749.61,4.1214,2.3924,6.5138,True,ML-KEM-768,ML-DSA-65,0.15.0,edge/x86_64,2026-10-09T18:44:23Z
115,256,0.4389,0.2084,0.6473,4735,4479,1749.61,6.5841,3.1256,9.7097,True,ML-KEM-768,ML-DSA-65,0.15.0,edge/x86_64,2026-10-09T18:44:23Z
116,256,0.2592,0.1597,0.419,4735,4479,1749.61,3.8883,2.3962,6.2845,True,ML-KEM-768,ML-DSA-65,0.15.0,edge/x86_64,2026-10-09T18:44:23Z
117,256,0.3619,0.1696,0.5315,4735,4479,1749.61,5.4285,2.5435,7.972,True,ML-KEM-768,ML-DSA-65,0.15.0,edge/x86_64,2026-10-09T18:44:23Z
118,256,0.3787,0.1714,0.5501,4735,4479,1749.61,5.6808,2.5712,8.252,True,ML-KEM-768,ML-DSA-65,0.15.0,edge/x86_64,2026-10-09T18:44:23Z
119,256,0.1911,0.1556,0.3467,4735,4479,1749.61,2.8663,2.3347,5.2009,True,ML-KEM-768,ML-DSA-65,0.15.0,edge/x86_64,2026-10-09T18:44:23Z
120,256,0.3176,0.1534,0.4709,4735,4479,1749.61,4.7638,2.3004,7.0641,True,ML-KEM-768,ML-DSA-65,0.15.0,edge/x86_64,2026-10-09T18:44:23Z
121,256,0.2436,0.1674,0.411,4735,4479,1749.61,3.6538,2.5113,6.165,True,ML-KEM-768,ML-DSA-65,0.15.0,edge/x86_64,2026-10-09T18:44:23Z
122,256,0.6709,0.179,0.8499,4735,4479,1749.61,10.0639,2.6843,12.7482,True,ML-KEM-768,ML-DSA-65,0.15.0,edge/x86_64,2026-10-09T18:44:23Z
123,256,0.2394,0.1549,0.3944,4735,4479,1749.61,3.5915,2.3241,5.9157,True,ML-KEM-768,ML-DSA-65,0.15.0,edge/x86_64,2026-10-09T18:44:23Z
124,256,0.5344,0.1922,0.7266,4735,4479,1749.61,8.0153,2.8833,10.8986,True,ML-KEM-768,ML-DSA-65,0.15.0,edge/x86_64,2026-10-09T18:44:23Z
125,256,0.1968,0.2024,0.3992,4735,4479,1749.61,2.9514,3.0364,5.9877,True,ML-KEM-768,ML-DSA-65,0.15.0,edge/x86_64,2026-10-09T18:44:23Z
126,256,0.3457,0.1439,0.4896,4735,4479,1749.61,5.1857,2.1581,7.3438,True,ML-KEM-768,ML-DSA-65,0.15.0,edge/x86_64,2026-10-09T18:44:23Z
127,256,0.1756,0.1433,0.3189,4735,4479,1749.61,2.6346,2.1489,4.7835,True,ML-KEM-768,ML-DSA-65,0.15.0,edge/x86_64,2026-10-09T18:44:23Z
128,256,0.4427,0.1486,0.5913,4735,4479,1749.61,6.6401,2.2291,8.8692,True,ML-KEM-768,ML-DSA-65,0.15.0,edge/x86_64,2026-10-09T18:44:23Z
129,256,0.1787,0.1438,0.3225,4735,4479,1749.61,2.6801,2.1568,4.8369,True,ML-KEM-768,ML-DSA-65,0.15.0,edge/x86_64,2026-10-09T18:44:23Z
130,256,0.3524,0.1918,0.5441,4735,4479,1749.61,5.2857,2.8763,8.1621,True,ML-KEM-768,ML-DSA-65,0.15.0,edge/x86_64,2026-10-09T18:44:23Z
131,256,0.2613,0.2177,0.479,4735,4479,1749.61,3.919,3.2655,7.1845,True,ML-KEM-768,ML-DSA-65,0.15.0,edge/x86_64,2026-10-09T18:44:23Z
132,256,0.8378,0.1462,0.984,4735,4479,1749.61,12.5666,2.1931,14.7597,True,ML-KEM-768,ML-DSA-65,0.15.0,edge/x86_64,2026-10-09T18:44:23Z
133,256,0.4315,0.1459,0.5774,4735,4479,1749.61,6.4723,2.1892,8.6615,True,ML-KEM-768,ML-DSA-65,0.15.0,edge/x86_64,2026-10-09T18:44:23Z
134,256,0.5471,0.1569,0.7039,4735,4479,1749.61,8.2058,2.3532,10.5591,True,ML-KEM-768,ML-DSA-65,0.15.0,edge/x86_64,2026-10-09T18:44:23Z
135,256,0.3657,0.1453,0.5111,4735,4479,1749.61,5.486,2.1798,7.6658,True,ML-KEM-768,ML-DSA-65,0.15.0,edge/x86_64,2026-10-09T18:44:23Z
136,256,0.3307,0.1518,0.4825,4735,4479,1749.61,4.9605,2.2773,7.2378,True,ML-KEM-768,ML-DSA-65,0.15.0,edge/x86_64,2026-10-09T18:44:23Z
137,256,0.4672,0.1476,0.6148,4735,4479,1749.61,7.008,2.2144,9.2224,True,ML-KEM-768,ML-DSA-65,0.15.0,edge/x86_64,2026-10-09T18:44:23Z
138,256,0.3117,0.1441,0.4558,4735,4479,1749.61,4.6757,2.1609,6.8367,True,ML-KEM-768,ML-DSA-65,0.15.0,edge/x86_64,2026-10-09T18:44:23Z
139,256,0.2999,0.1513,0.4512,4735,4479,1749.61,4.4989,2.2699,6.7687,True,ML-KEM-768,ML-DSA-65,0.15.0,edge/x86_64,2026-10-09T18:44:23Z
140,256,0.3009,0.183,0.4839,4735,4479,1749.61,4.5128,2.7452,7.258,True,ML-KEM-768,ML-DSA-65,0.15.0,edge/x86_64,2026-10-09T18:44:23Z
141,256,0.2637,0.1442,0.4079,4735,4479,1749.61,3.956,2.1629,6.1189,True,ML-KEM-768,ML-DSA-65,0.15.0,edge/x86_64,2026-10-09T18:44:23Z
142,256,0.1747,0.2436,0.4183,4735,4479,1749.61,2.6203,3.6545,6.2748,True,ML-KEM-768,ML-DSA-65,0.15.0,edge/x86_64,2026-10-09T18:44:23Z
143,256,0.2762,0.183,0.4592,4735,4479,1749.61,4.1427,2.7455,6.8882,True,ML-KEM-768,ML-DSA-65,0.15.0,edge/x86_64,2026-10-09T18:44:23Z
144,256,0.1862,0.1678,0.354,4735,4479,1749.61,2.7935,2.5167,5.3102,True,ML-KEM-768,ML-DSA-65,0.15.0,edge/x86_64,2026-10-09T18:44:23Z
145,256,0.3558,0.143,0.4989,4735,4479,1749.61,5.3376,2.1453,7.4828,True,ML-KEM-768,ML-DSA-65,0.15.0,edge/x86_64,2026-10-09T18:44:23Z
146,256,0.1775,0.1882,0.3657,4735,4479,1749.61,2.6623,2.8235,5.4858,True,ML-KEM-768,ML-DSA-65,0.15.0,edge/x86_64,2026-10-09T18:44:23Z
147,256,0.2189,0.1449,0.3638,4735,4479,1749.61,3.283,2.1742,5.4572,True,ML-KEM-768,ML-DSA-65,0.15.0,edge/x86_64,2026-10-09T18:44:23Z
148,256,0.3554,0.2062,0.5616,4735,4479,1749.61,5.3312,3.0924,8.4235,True,ML-KEM-768,ML-DSA-65,0.15.0,edge/x86_64,2026-10-09T18:44:23Z
149,256,0.2461,0.1496,0.3957,4735,4479,1749.61,3.6914,2.2446,5.9359,True,ML-KEM-768,ML-DSA-65,0.15.0,edge/x86_64,2026-10-09T18:44:23Z
150,256,0.2183,0.1445,0.3628,4735,4479,1749.61,3.275,2.167,5.442,True,ML-KEM-768,ML-DSA-65,0.15.0,edge/x86_64,2026-10-09T18:44:23Z
151,256,0.2067,0.1709,0.3776,4735,4479,1749.61,3.1004,2.5638,5.6642,True,ML-KEM-768,ML-DSA-65,0.15.0,edge/x86_64,2026-10-09T18:44:23Z
152,256,0.454,0.1884,0.6424,4735,4479,1749.61,6.8096,2.8263,9.6359,True,ML-KEM-768,ML-DSA-65,0.15.0,edge/x86_64,2026-10-09T18:44:23Z
153,256,0.4158,0.1571,0.5728,4735,4479,1749.61,6.2366,2.356,8.5925,True,ML-KEM-768,ML-DSA-65,0.15.0,edge/x86_64,2026-10-09T18:44:23Z
154,256,0.3374,0.1385,0.4759,4735,4479,1749.61,5.061,2.0782,7.1392,True,ML-KEM-768,ML-DSA-65,0.15.0,edge/x86_64,2026-10-09T18:44:23Z
155,256,0.6804,0.2058,0.8862,4735,4479,1749.61,10.206,3.0866,13.2925,True,ML-KEM-768,ML-DSA-65,0.15.0,edge/x86_64,2026-10-09T18:44:23Z
156,256,0.2489,0.2132,0.4621,4735,4479,1749.61,3.7338,3.1978,6.9316,True,ML-KEM-768,ML-DSA-65,0.15.0,edge/x86_64,2026-10-09T18:44:23Z
157,256,0.2185,0.1821,0.4007,4735,4479,1749.61,3.2781,2.7322,6.0103,True,ML-KEM-768,ML-DSA-65,0.15.0,edge/x86_64,2026-10-09T18:44:23Z
158,256,0.1952,0.1448,0.34,4735,4479,1749.61,2.9287,2.1715,5.1002,True,ML-KEM-768,ML-DSA-65,0.15.0,edge/x86_64,2026-10-09T18:44:23Z
159,256,0.2348,0.1388,0.3736,4735,4479,1749.61,3.5225,2.0817,5.6042,True,ML-KEM-768,ML-DSA-65,0.15.0,edge/x86_64,2026-10-09T18:44:23Z
160,256,0.2482,0.2324,0.4806,4735,4479,1749.61,3.7224,3.486,7.2084,True,ML-KEM-768,ML-DSA-65,0.15.0,edge/x86_64,2026-10-09T18:44:23Z
161,256,0.2479,0.1619,0.4098,4735,4479,1749.61,3.7179,2.4286,6.1465,True,ML-KEM-768,ML-DSA-65,0.15.0,edge/x86_64,2026-10-09T18:44:23Z
162,256,0.2286,0.1573,0.3859,4735,4479,1749.61,3.429,2.3589,5.7879,True,ML-KEM-768,ML-DSA-65,0.15.0,edge/x86_64,2026-10-09T18:44:23Z
163,256,0.4371,0.1616,0.5987,4735,4479,1749.61,6.5564,2.4247,8.9811,True,ML-KEM-768,ML-DSA-65,0.15.0,edge/x86_64,2026-10-09T18:44:23Z
164,256,0.272,0.1711,0.4431,4735,4479,1749.61,4.0806,2.5662,6.6469,True,ML-KEM-768,ML-DSA-65,0.15.0,edge/x86_64,2026-10-09T18:44:23Z
165,256,0.2637,0.1937,0.4574,4735,4479,1749.61,3.956,2.9052,6.8612,True,ML-KEM-768,ML-DSA-65,0.15.0,edge/x86_64,2026-10-09T18:44:23Z
166,256,0.2613,0.1557,0.417,4735,4479,1749.61,3.9188,2.3362,6.255,True,ML-KEM-768,ML-DSA-65,0.15.0,edge/x86_64,2026-10-09T18:44:23Z
167,256,0.2595,0.2133,0.4728,4735,4479,1749.61,3.8922,3.1999,7.0921,True,ML-KEM-768,ML-DSA-65,0.15.0,edge/x86_64,2026-10-09T18:44:23Z
168,256,0.3256,0.2231,0.5487,4735,4479,1749.61,4.8834,3.3469,8.2303,True,ML-KEM-768,ML-DSA-65,0.15.0,edge/x86_64,2026-10-09T18:44:23Z
169,256,0.3837,0.1646,0.5482,4735,4479,1749.61,5.755,2.4685,8.2236,True,ML-KEM-768,ML-DSA-65,0.15.0,edge/x86_64,2026-10-09T18:44:23Z
170,256,0.2255,0.1646,0.3901,4735,4479,1749.61,3.3818,2.4693,5.8511,True,ML-KEM-768,ML-DSA-65,0.15.0,edge/x86_64,2026-10-09T18:44:23Z
171,256,0.2958,0.1824,0.4782,4735,4479,1749.61,4.4372,2.7365,7.1737,True,ML-KEM-768,ML-DSA-65,0.15.0,edge/x86_64,2026-10-09T18:44:23Z
172,256,0.2,0.2282,0.4283,4735,4479,1749.61,3.0004,3.4236,6.424,True,ML-KEM-768,ML-DSA-65,0.15.0,edge/x86_64,2026-10-09T18:44:23Z
173,256,0.2129,0.1835,0.3963,4735,4479,1749.61,3.1933,2.7519,5.9452,True,ML-KEM-768,ML-DSA-65,0.15.0,edge/x86_64,2026-10-09T18:44:23Z
174,256,0.2299,0.1539,0.3839,4735,4479,1749.61,3.4491,2.3091,5.7582,True,ML-KEM-768,ML-DSA-65,0.15.0,edge/x86_64,2026-10-09T18:44:23Z
175,256,0.3222,0.1558,0.478,4735,4479,1749.61,4.8327,2.3372,7.1699,True,ML-KEM-768,ML-DSA-65,0.15.0,edge/x86_64,2026-10-09T18:44:23Z
176,256,0.4082,0.1613,0.5696,4735,4479,1749.61,6.1232,2.4202,8.5434,True,ML-KEM-768,ML-DSA-65,0.15.0,edge/x86_64,2026-10-09T18:44:23Z
177,256,0.6173,0.1804,0.7977,4735,4479,1749.61,9.2593,2.7065,11.9658,True,ML-KEM-768,ML-DSA-65,0.15.0,edge/x86_64,2026-10-09T18:44:23Z
178,256,0.3161,0.1589,0.475,4735,4479,1749.61,4.742,2.3836,7.1256,True,ML-KEM-768,ML-DSA-65,0.15.0,edge/x86_64,2026-10-09T18:44:23Z
179,256,0.2011,0.1557,0.3569,4735,4479,1749.61,3.0168,2.3361,5.3529,True,ML-KEM-768,ML-DSA-65,0.15.0,edge/x86_64,2026-10-09T18:44:23Z
180,256,0.2097,0.154,0.3637,4735,4479,1749.61,3.1453,2.3098,5.4551,True,ML-KEM-768,ML-DSA-65,0.15.0,edge/x86_64,2026-10-09T18:44:23Z
181,256,0.212,0.2032,0.4152,4735,4479,1749.61,3.1806,3.0476,6.2282,True,ML-KEM-768,ML-DSA-65,0.15.0,edge/x86_64,2026-10-09T18:44:23Z
182,256,0.2377,0.1557,0.3934,4735,4479,1749.61,3.5658,2.3351,5.9009,True,ML-KEM-768,ML-DSA-65,0.15.0,edge/x86_64,2026-10-09T18:44:23Z
183,256,0.1868,0.1576,0.3444,4735,4479,1749.61,2.8019,2.3644,5.1664,True,ML-KEM-768,ML-DSA-65,0.15.0,edge/x86_64,2026-10-09T18:44:23Z
184,256,0.2479,0.2699,0.5178,4735,4479,1749.61,3.7181,4.0492,7.7673,True,ML-KEM-768,ML-DSA-65,0.15.0,edge/x86_64,2026-10-09T18:44:23Z
185,256,0.4542,0.2001,0.6543,4735,4479,1749.61,6.8131,3.0014,9.8145,True,ML-KEM-768,ML-DSA-65,0.15.0,edge/x86_64,2026-10-09T18:44:23Z
186,256,0.2223,0.1561,0.3783,4735,4479,1749.61,3.3338,2.3411,5.6748,True,ML-KEM-768,ML-DSA-65,0.15.0,edge/x86_64,2026-10-09T18:44:23Z
187,256,0.2323,0.4939,0.7261,4735,4479,1749.61,3.4839,7.4082,10.8921,True,ML-KEM-768,ML-DSA-65,0.15.0,edge/x86_64,2026-10-09T18:44:23Z
188,256,0.3233,0.154,0.4773,4735,4479,1749.61,4.8489,2.3103,7.1592,True,ML-KEM-768,ML-DSA-65,0.15.0,edge/x86_64,2026-10-09T18:44:23Z
189,256,0.2617,0.197,0.4587,4735,4479,1749.61,3.9254,2.9555,6.8809,True,ML-KEM-768,ML-DSA-65,0.15.0,edge/x86_64,2026-10-09T18:44:23Z
190,256,0.4863,0.1884,0.6747,4735,4479,1749.61,7.2945,2.8261,10.1206,True,ML-KEM-768,ML-DSA-65,0.15.0,edge/x86_64,2026-10-09T18:44:23Z
191,256,0.2514,0.245,0.4964,4735,4479,1749.61,3.7714,3.6753,7.4467,True,ML-KEM-768,ML-DSA-65,0.15.0,edge/x86_64,2026-10-09T18:44:23Z
192,256,0.4395,0.2441,0.6836,4735,4479,1749.61,6.5923,3.6618,10.2542,True,ML-KEM-768,ML-DSA-65,0.15.0,edge/x86_64,2026-10-09T18:44:23Z
193,256,0.2551,0.1537,0.4088,4735,4479,1749.61,3.8264,2.3057,6.132,True,ML-KEM-768,ML-DSA-65,0.15.0,edge/x86_64,2026-10-09T18:44:23Z
194,256,0.2426,0.1596,0.4021,4735,4479,1749.61,3.6387,2.3935,6.0322,True,ML-KEM-768,ML-DSA-65,0.15.0,edge/x86_64,2026-10-09T18:44:23Z
195,256,0.2735,0.165,0.4386,4735,4479,1749.61,4.1031,2.4757,6.5788,True,ML-KEM-768,ML-DSA-65,0.15.0,edge/x86_64,2026-10-09T18:44:23Z
196,256,0.284,0.1583,0.4423,4735,4479,1749.61,4.2602,2.3738,6.6341,True,ML-KEM-768,ML-DSA-65,0.15.0,edge/x86_64,2026-10-09T18:44:23Z
197,256,0.5063,0.1871,0.6934,4735,4479,1749.61,7.5945,2.8065,10.401,True,ML-KEM-768,ML-DSA-65,0.15.0,edge/x86_64,2026-10-09T18:44:23Z
198,256,0.2785,0.2335,0.5119,4735,4479,1749.61,4.1768,3.5021,7.6789,True,ML-KEM-768,ML-DSA-65,0.15.0,edge/x86_64,2026-10-09T18:44:23Z
199,256,0.2383,0.1885,0.4267,4735,4479,1749.61,3.5741,2.827,6.4012,True,ML-KEM-768,ML-DSA-65,0.15.0,edge/x86_64,2026-10-09T18:44:23Z
0,512,0.356,0.2006,0.5566,4991,4479,874.8,5.3402,3.0089,8.3491,True,ML-KEM-768,ML-DSA-65,0.15.0,edge/x86_64,2026-10-09T18:44:23Z
1,512,0.255,0.1513,0.4063,4991,4479,874.8,3.8252,2.27,6.0952,True,ML-KEM-768,ML-DSA-65,0.15.0,edge/x86_64,2026-10-09T18:44:23Z
2,512,0.6021,0.1947,0.7968,4991,4479,874.8,9.0313,2.9208,11.9521,True,ML-KEM-768,ML-DSA-65,0.15.0,edge/x86_64,2026-10-09T18:44:23Z
3,512,0.2356,0.2058,0.4414,4991,4479,874.8,3.5341,3.0864,6.6204,True,ML-KEM-768,ML-DSA-65,0.15.0,edge/x86_64,2026-10-09T18:44:23Z
4,512,0.2728,0.1779,0.4507,4991,4479,874.8,4.0922,2.6684,6.7605,True,ML-KEM-768,ML-DSA-65,0.15.0,edge/x86_64,2026-10-09T18:44:23Z
5,512,0.2197,0.162,0.3816,4991,4479,874.8,3.2948,2.4299,5.7247,True,ML-KEM-768,ML-DSA-65,0.15.0,edge/x86_64,2026-10-09T18:44:23Z
6,512,0.3261,0.2069,0.533,4991,4479,874.8,4.8919,3.1034,7.9953,True,ML-KEM-768,ML-DSA-65,0.15.0,edge/x86_64,2026-10-09T18:44:23Z
7,512,0.4537,0.1847,0.6384,4991,4479,874.8,6.8058,2.7708,9.5766,True,ML-KEM-768,ML-DSA-65,0.15.0,edge/x86_64,2026-10-09T18:44:23Z
8,512,0.2897,0.166,0.4557,4991,4479,874.8,4.3457,2.4898,6.8356,True,ML-KEM-768,ML-DSA-65,0.15.0,edge/x86_64,2026-10-09T18:44:23Z
9,512,0.2652,0.2394,0.5045,4991,4479,874.8,3.9779,3.5903,7.5682,True,ML-KEM-768,ML-DSA-65,0.15.0,edge/x86_64,2026-10-09T18:44:23Z
10,512,0.5489,0.305,0.8539,4991,4479,874.8,8.2329,4.5754,12.8083,True,ML-KEM-768,ML-DSA-65,0.15.0,edge/x86_64,2026-10-09T18:44:23Z
11,512,0.3799,0.1692,0.549,4991,4479,874.8,5.6979,2.5375,8.2354,True,ML-KEM-768,ML-DSA-65,0.15.0,edge/x86_64,2026-10-09T18:44:23Z
12,512,0.3135,0.2404,0.5539,4991,4479,874.8,4.7029,3.6055,8.3085,True,ML-KEM-768,ML-DSA-65,0.15.0,edge/x86_64,2026-10-09T18:44:23Z
13,512,0.3603,0.1996,0.5599,4991,4479,874.8,5.4045,2.9947,8.3992,True,ML-KEM-768,ML-DSA-65,0.15.0,edge/x86_64,2026-10-09T18:44:23Z
14,512,0.2715,0.2265,0.498,4991,4479,874.8,4.0725,3.3969,7.4694,True,ML-KEM-768,ML-DSA-65,0.15.0,edge/x86_64,2026-10-09T18:44:23Z
15,512,0.2677,0.1773,0.445,4991,4479,874.8,4.0157,2.66,6.6756,True,ML-KEM-768,ML-DSA-65,0.15.0,edge/x86_64,2026-10-09T18:44:23Z
16,512,0.4776,0.1992,0.6768,4991,4479,874.8,7.164,2.9885,10.1525,True,ML-KEM-768,ML-DSA-65,0.15.0,edge/x86_64,2026-10-09T18:44:23Z
17,512,0.5037,0.2375,0.7412,4991,4479,874.8,7.5557,3.5629,11.1186,True,ML-KEM-768,ML-DSA-65,0.15.0,edge/x86_64,2026-10-09T18:44:23Z
18,512,0.4082,0.1864,0.5947,4991,4479,874.8,6.1234,2.7967,8.9201,True,ML-KEM-768,ML-DSA-65,0.15.0,edge/x86_64,2026-10-09T18:44:23Z
19,512,0.596,0.2155,0.8115,4991,4479,874.8,8.9397,3.2327,12.1723,True,ML-KEM-768,ML-DSA-65,0.15.0,edge/x86_64,2026-10-09T18:44:23Z
20,512,0.417,0.2814,0.6984,4991,4479,874.8,6.2552,4.2203,10.4755,True,ML-KEM-768,ML-DSA-65,0.15.0,edge/x86_64,2026-10-09T18:44:23Z
21,512,0.258,0.1939,0.4519,4991,4479,874.8,3.8693,2.9091,6.7784,True,ML-KEM-768,ML-DSA-65,0.15.0,edge/x86_64,2026-10-09T18:44:23Z
22,512,0.9932,0.3899,1.3831,4991,4479,874.8,14.8983,5.8478,20.7461,True,ML-KEM-768,ML-DSA-65,0.15.0,edge/x86_64,2026-10-09T18:44:23Z
23,512,0.676,0.271,0.9469,4991,4479,874.8,10.1395,4.0645,14.204,True,ML-KEM-768,ML-DSA-65,0.15.0,edge/x86_64,2026-10-09T18:44:23Z
24,512,0.3175,0.1697,0.4872,4991,4479,874.8,4.763,2.5457,7.3087,True,ML-KEM-768,ML-DSA-65,0.15.0,edge/x86_64,2026-10-09T18:44:23Z
25,512,0.1909,0.2154,0.4062,4991,4479,874.8,2.8629,3.2307,6.0937,True,ML-KEM-768,ML-DSA-65,0.15.0,edge/x86_64,2026-10-09T18:44:23Z
26,512,0.315,0.1625,0.4775,4991,4479,874.8,4.7257,2.4369,7.1626,True,ML-KEM-768,ML-DSA-65,0.15.0,edge/x86_64,2026-10-09T18:44:23Z
27,512,0.3404,0.1935,0.5339,4991,4479,874.8,5.1057,2.9028,8.0086,True,ML-KEM-768,ML-DSA-65,0.15.0,edge/x86_64,2026-10-09T18:44:23Z
28,512,0.4302,0.1752,0.6053,4991,4479,874.8,6.4523,2.6277,9.08,True,ML-KEM-768,ML-DSA-65,0.15.0,edge/x86_64,2026-10-09T18:44:23Z
29,512,0.3741,0.1775,0.5516,4991,4479,874.8,5.6114,2.663,8.2744,True,ML-KEM-768,ML-DSA-65,0.15.0,edge/x86_64,2026-10-09T18:44:23Z
30,512,0.7599,0.2957,1.0557,4991,4479,874.8,11.399,4.4358,15.8349,True,ML-KEM-768,ML-DSA-65,0.15.0,edge/x86_64,2026-10-09T18:44:23Z
31,512,0.4921,0.2796,0.7718,4991,4479,874.8,7.3819,4.1946,11.5766,True,ML-KEM-768,ML-DSA-65,0.15.0,edge/x86_64,2026-10-09T18:44:23Z
32,512,0.2977,0.1446,0.4423,4991,4479,874.8,4.4653,2.1685,6.6338,True,ML-KEM-768,ML-DSA-65,0.15.0,edge/x86_64,2026-10-09T18:44:23Z
33,512,0.2882,0.2279,0.5161,4991,4479,874.8,4.3232,3.419,7.7422,True,ML-KEM-768,ML-DSA-65,0.15.0,edge/x86_64,2026-10-09T18:44:23Z
34,512,0.2663,0.1626,0.4289,4991,4479,874.8,3.9942,2.4386,6.4328,True,ML-KEM-768,ML-DSA-65,0.15.0,edge/x86_64,2026-10-09T18:44:23Z
35,512,0.2814,0.1595,0.4409,4991,4479,874.8,4.2215,2.3928,6.6142,True,ML-KEM-768,ML-DSA-65,0.15.0,edge/x86_64,2026-10-09T18:44:23Z
36,512,0.269,0.1378,0.4068,4991,4479,874.8,4.0343,2.0672,6.1015,True,ML-KEM-768,ML-DSA-65,0.15.0,edge/x86_64,2026-10-09T18:44:23Z
37,512,0.1654,0.1191,0.2844,4991,4479,874.8,2.4805,1.7862,4.2667,True,ML-KEM-768,ML-DSA-65,0.15.0,edge/x86_64,2026-10-09T18:44:23Z
38,512,0.3232,0.1336,0.4569,4991,4479,874.8,4.8484,2.0045,6.8529,True,ML-KEM-768,ML-DSA-65,0.15.0,edge/x86_64,2026-10-09T18:44:23Z
39,512,0.2312,0.1588,0.39,4991,4479,874.8,3.4674,2.3825,5.8499,True,ML-KEM-768,ML-DSA-65,0.15.0,edge/x86_64,2026-10-09T18:44:23Z
40,512,0.2783,0.135,0.4132,4991,4479,874.8,4.174,2.0245,6.1985,True,ML-KEM-768,ML-DSA-65,0.15.0,edge/x86_64,2026-10-09T18:44:23Z
41,512,0.3792,0.1237,0.5029,4991,4479,874.8,5.6873,1.8557,7.543,True,ML-KEM-768,ML-DSA-65,0.15.0,edge/x86_64,2026-10-09T18:44:23Z
42,512,0.2266,0.2131,0.4397,4991,4479,874.8,3.3995,3.1965,6.5959,True,ML-KEM-768,ML-DSA-65,0.15.0,edge/x86_64,2026-10-09T18:44:23Z
43,512,0.3128,0.1591,0.4719,4991,4479,874.8,4.6922,2.3865,7.0786,True,ML-KEM-768,ML-DSA-65,0.15.0,edge/x86_64,2026-10-09T18:44:23Z
44,512,0.315,0.1706,0.4856,4991,4479,874.8,4.7253,2.5586,7.2839,True,ML-KEM-768,ML-DSA-65,0.15.0,edge/x86_64,2026-10-09T18:44:23Z
45,512,0.6797,0.1828,0.8625,4991,4479,874.8,10.1953,2.7418,12.9371,True,ML-KEM-768,ML-DSA-65,0.15.0,edge/x86_64,2026-10-09T18:44:23Z
46,512,0.4415,0.1679,0.6094,4991,4479,874.8,6.623,2.5185,9.1414,True,ML-KEM-768,ML-DSA-65,0.15.0,edge/x86_64,2026-10-09T18:44:23Z
47,512,0.2771,0.3791,0.6562,4991,4479,874.8,4.1566,5.6863,9.8429,True,ML-KEM-768,ML-DSA-65,0.15.0,edge/x86_64,2026-10-09T18:44:23Z
48,512,0.6003,0.1974,0.7977,4991,4479,874.8,9.0051,2.9605,11.9656,True,ML-KEM-768,ML-DSA-65,0.15.0,edge/x86_64,2026-10-09T18:44:23Z
49,512,0.2293,0.1604,0.3897,4991,4479,874.8,3.4396,2.4055,5.845,True,ML-KEM-768,ML-DSA-65,0.15.0,edge/x86_64,2026-10-09T18:44:23Z
50,512,0.3836,0.1795,0.5631,4991,4479,874.8,5.7538,2.6927,8.4465,True,ML-KEM-768,ML-DSA-65,0.15.0,edge/x86_64,2026-10-09T18:44:23Z
51,512,0.2228,0.1698,0.3926,4991,4479,874.8,3.3416,2.5474,5.8889,True,ML-KEM-768,ML-DSA-65,0.15.0,edge/x86_64,2026-10-09T18:44:23Z
52,512,0.4426,0.206,0.6486,4991,4479,874.8,6.6392,3.0905,9.7297,True,ML-KEM-768,ML-DSA-65,0.15.0,edge/x86_64,2026-10-09T18:44:23Z
53,512,2.222,0.2276,2.4497,4991,4479,874.8,33.3304,3.4145,36.7449,True,ML-KEM-768,ML-DSA-65,0.15.0,edge/x86_64,2026-10-09T18:44:23Z
54,512,0.4164,0.1602,0.5765,4991,4479,874.8,6.2457,2.4023,8.648,True,ML-KEM-768,ML-DSA-65,0.15.0,edge/x86_64,2026-10-09T18:44:23Z
55,512,0.2381,0.2269,0.465,4991,4479,874.8,3.5714,3.4042,6.9756,True,ML-KEM-768,ML-DSA-65,0.15.0,edge/x86_64,2026-10-09T18:44:23Z
56,512,0.2073,0.1662,0.3734,4991,4479,874.8,3.1091,2.4923,5.6014,True,ML-KEM-768,ML-DSA-65,0.15.0,edge/x86_64,2026-10-09T18:44:23Z
57,512,0.2815,0.2354,0.517,4991,4479,874.8,4.223,3.5317,7.7548,True,ML-KEM-768,ML-DSA-65,0.15.0,edge/x86_64,2026-10-09T18:44:23Z
58,512,0.2789,0.1544,0.4333,4991,4479,874.8,4.1834,2.3162,6.4996,True,ML-KEM-768,ML-DSA-65,0.15.0,edge/x86_64,2026-10-09T18:44:23Z
59,512,0.3137,0.1776,0.4913,4991,4479,874.8,4.7059,2.6641,7.37,True,ML-KEM-768,ML-DSA-65,0.15.0,edge/x86_64,2026-10-09T18:44:23Z
60,512,0.2714,0.1592,0.4306,4991,4479,874.8,4.0705,2.3882,6.4587,True,ML-KEM-768,ML-DSA-65,0.15.0,edge/x86_64,2026-10-09T18:44:23Z
61,512,0.2149,0.1571,0.372,4991,4479,874.8,3.2233,2.3562,5.5795,True,ML-KEM-768,ML-DSA-65,0.15.0,edge/x86_64,2026-10-09T18:44:23Z
62,512,0.2631,0.1662,0.4294,4991,4479,874.8,3.9471,2.4936,6.4407,True,ML-KEM-768,ML-DSA-65,0.15.0,edge/x86_64,2026-10-09T18:44:23Z
63,512,0.4003,0.181,0.5813,4991,4479,874.8,6.0041,2.7148,8.7189,True,ML-KEM-768,ML-DSA-65,0.15.0,edge/x86_64,2026-10-09T18:44:23Z
64,512,0.2895,0.1705,0.46,4991,4479,874.8,4.3422,2.5579,6.9001,True,ML-KEM-768,ML-DSA-65,0.15.0,edge/x86_64,2026-10-09T18:44:23Z
65,512,0.3924,0.1692,0.5616,4991,4479,874.8,5.8856,2.5381,8.4237,True,ML-KEM-768,ML-DSA-65,0.15.0,edge/x86_64,2026-10-09T18:44:23Z
66,512,0.2638,0.2075,0.4713,4991,4479,874.8,3.9568,3.1123,7.0691,True,ML-KEM-768,ML-DSA-65,0.15.0,edge/x86_64,2026-10-09T18:44:23Z
67,512,0.4897,0.371,0.8607,4991,4479,874.8,7.3457,5.5655,12.9112,True,ML-KEM-768,ML-DSA-65,0.15.0,edge/x86_64,2026-10-09T18:44:23Z
68,512,0.5332,0.2294,0.7626,4991,4479,874.8,7.9979,3.4415,11.4394,True,ML-KEM-768,ML-DSA-65,0.15.0,edge/x86_64,2026-10-09T18:44:23Z
69,512,0.2041,0.1681,0.3723,4991,4479,874.8,3.062,2.5218,5.5838,True,ML-KEM-768,ML-DSA-65,0.15.0,edge/x86_64,2026-10-09T18:44:23Z
70,512,0.3086,0.2546,0.5631,4991,4479,874.8,4.6286,3.8186,8.4472,True,ML-KEM-768,ML-DSA-65,0.15.0,edge/x86_64,2026-10-09T18:44:23Z
71,512,0.328,0.2,0.5281,4991,4479,874.8,4.9207,3.0006,7.9213,True,ML-KEM-768,ML-DSA-65,0.15.0,edge/x86_64,2026-10-09T18:44:23Z
72,512,0.5462,0.1333,0.6795,4991,4479,874.8,8.1933,1.9998,10.1931,True,ML-KEM-768,ML-DSA-65,0.15.0,edge/x86_64,2026-10-09T18:44:23Z
73,512,0.1695,0.1223,0.2918,4991,4479,874.8,2.5427,1.834,4.3767,True,ML-KEM-768,ML-DSA-65,0.15.0,edge/x86_64,2026-10-09T18:44:23Z
74,512,0.196,0.193,0.389,4991,4479,874.8,2.9403,2.8952,5.8355,True,ML-KEM-768,ML-DSA-65,0.15.0,edge/x86_64,2026-10-09T18:44:23Z
75,512,0.298,0.1666,0.4646,4991,4479,874.8,4.4706,2.4988,6.9695,True,ML-KEM-768,ML-DSA-65,0.15.0,edge/x86_64,2026-10-09T18:44:23Z
76,512,0.2398,0.1933,0.433,4991,4479,874.8,3.5967,2.8989,6.4956,True,ML-KEM-768,ML-DSA-65,0.15.0,edge/x86_64,2026-10-09T18:44:23Z
77,512,0.1999,0.1479,0.3478,4991,4479,874.8,2.9985,2.2183,5.2168,True,ML-KEM-768,ML-DSA-65,0.15.0,edge/x86_64,2026-10-09T18:44:23Z
78,512,0.1836,0.1476,0.3312,4991,4479,874.8,2.7533,2.2147,4.968,True,ML-KEM-768,ML-DSA-65,0.15.0,edge/x86_64,2026-10-09T18:44:23Z
79,512,0.3848,0.2075,0.5923,4991,4479,874.8,5.7722,3.1118,8.884,True,ML-KEM-768,ML-DSA-65,0.15.0,edge/x86_64,2026-10-09T18:44:23Z
80,512,0.244,0.1389,0.3829,4991,4479,874.8,3.6607,2.0836,5.7442,True,ML-KEM-768,ML-DSA-65,0.15.0,edge/x86_64,2026-10-09T18:44:23Z
81,512,0.2493,0.1443,0.3936,4991,4479,874.8,3.7388,2.1645,5.9033,True,ML-KEM-768,ML-DSA-65,0.15.0,edge/x86_64,2026-10-09T18:44:23Z
82,512,0.1976,0.1506,0.3483,4991,4479,874.8,2.9645,2.2596,5.2241,True,ML-KEM-768,ML-DSA-65,0.15.0,edge/x86_64,2026-10-09T18:44:23Z
83,512,0.1906,0.151,0.3415,4991,4479,874.8,2.8585,2.2647,5.1232,True,ML-KEM-768,ML-DSA-65,0.15.0,edge/x86_64,2026-10-09T18:44:23Z
84,512,0.466,0.1661,0.632,4991,4479,874.8,6.9893,2.4911,9.4804,True,ML-KEM-768,ML-DSA-65,0.15.0,edge/x86_64,2026-10-09T18:44:23Z
85,512,0.2274,0.1462,0.3737,4991,4479,874.8,3.4113,2.1937,5.605,True,ML-KEM-768,ML-DSA-65,0.15.0,edge/x86_64,2026-10-09T18:44:23Z
86,512,0.5537,0.1653,0.719,4991,4479,874.8,8.3061,2.4795,10.7857,True,ML-KEM-768,ML-DSA-65,0.15.0,edge/x86_64,2026-10-09T18:44:23Z
87,512,0.2501,0.2155,0.4656,4991,4479,874.8,3.7514,3.2326,6.984,True,ML-KEM-768,ML-DSA-65,0.15.0,edge/x86_64,2026-10-09T18:44:23Z
88,512,0.3229,0.1507,0.4736,4991,4479,874.8,4.8429,2.2604,7.1033,True,ML-KEM-768,ML-DSA-65,0.15.0,edge/x86_64,2026-10-09T18:44:23Z
89,512,0.2056,0.1981,0.4036,4991,4479,874.8,3.0838,2.9708,6.0546,True,ML-KEM-768,ML-DSA-65,0.15.0,edge/x86_64,2026-10-09T18:44:23Z
90,512,0.3398,0.1564,0.4963,4991,4479,874.8,5.0976,2.3464,7.4441,True,ML-KEM-768,ML-DSA-65,0.15.0,edge/x86_64,2026-10-09T18:44:23Z
91,512,0.1857,0.1856,0.3713,4991,4479,874.8,2.785,2.7841,5.5691,True,ML-KEM-768,ML-DSA-65,0.15.0,edge/x86_64,2026-10-09T18:44:23Z
92,512,0.3157,0.1613,0.4769,4991,4479,874.8,4.7348,2.4191,7.154,True,ML-KEM-768,ML-DSA-65,0.15.0,edge/x86_64,2026-10-09T18:44:23Z
93,512,0.307,0.183,0.4899,4991,4479,874.8,4.6047,2.7444,7.3491,True,ML-KEM-768,ML-DSA-65,0.15.0,edge/x86_64,2026-10-09T18:44:23Z
94,512,0.2742,0.1547,0.4288,4991,4479,874.8,4.1123,2.3198,6.432,True,ML-KEM-768,ML-DSA-65,0.15.0,edge/x86_64,2026-10-09T18:44:23Z
95,512,0.2872,0.1569,0.4441,4991,4479,874.8,4.3084,2.3529,6.6613,True,ML-KEM-768,ML-DSA-65,0.15.0,edge/x86_64,2026-10-09T18:44:23Z
96,512,0.2545,0.1976,0.4522,4991,4479,874.8,3.8177,2.9646,6.7824,True,ML-KEM-768,ML-DSA-65,0.15.0,edge/x86_64,2026-10-09T18:44:23Z
97,512,0.2253,0.1385,0.3638,4991,4479,874.8,3.38,2.0777,5.4577,True,ML-KEM-768,ML-DSA-65,0.15.0,edge/x86_64,2026-10-09T18:44:23Z
98,512,0.3354,0.1893,0.5246,4991,4479,874.8,5.0306,2.839,7.8696,True,ML-KEM-768,ML-DSA-65,0.15.0,edge/x86_64,2026-10-09T18:44:23Z
99,512,0.3202,0.1597,0.4799,4991,4479,874.8,4.8036,2.3949,7.1985,True,ML-KEM-768,ML-DSA-65,0.15.0,edge/x86_64,2026-10-09T18:44:23Z
100,512,0.2865,0.1676,0.4542,4991,4479,874.8,4.2982,2.5147,6.8129,True,ML-KEM-768,ML-DSA-65,0.15.0,edge/x86_64,2026-10-09T18:44:23Z
101,512,0.2864,0.1456,0.4321,4991,4479,874.8,4.2964,2.1845,6.481,True,ML-KEM-768,ML-DSA-65,0.15.0,edge/x86_64,2026-10-09T18:44:23Z
102,512,0.2968,0.1378,0.4346,4991,4479,874.8,4.4515,2.0673,6.5188,True,ML-KEM-768,ML-DSA-65,0.15.0,edge/x86_64,2026-10-09T18:44:23Z
103,512,0.4678,0.1758,0.6436,4991,4479,874.8,7.0177,2.637,9.6547,True,ML-KEM-768,ML-DSA-65,0.15.0,edge/x86_64,2026-10-09T18:44:23Z
104,512,0.2356,0.145,0.3806,4991,4479,874.8,3.5338,2.1752,5.709,True,ML-KEM-768,ML-DSA-65,0.15.0,edge/x86_64,2026-10-09T18:44:23Z
105,512,0.3763,0.15,0.5264,4991,4479,874.8,5.6452,2.2506,7.8958,True,ML-KEM-768,ML-DSA-65,0.15.0,edge/x86_64,2026-10-09T18:44:23Z
106,512,0.2502,0.2097,0.4598,4991,4479,874.8,3.7524,3.1448,6.8973,True,ML-KEM-768,ML-DSA-65,0.15.0,edge/x86_64,2026-10-09T18:44:23Z
107,512,0.2017,0.1438,0.3455,4991,4479,874.8,3.0249,2.1575,5.1825,True,ML-KEM-768,ML-DSA-65,0.15.0,edge/x86_64,2026-10-09T18:44:23Z
108,512,0.5489,0.2103,0.7592,4991,4479,874.8,8.2337,3.1547,11.3884,True,ML-KEM-768,ML-DSA-65,0.15.0,edge/x86_64,2026-10-09T18:44:23Z
109,512,0.2456,0.1477,0.3933,4991,4479,874.8,3.6834,2.2155,5.8989,True,ML-KEM-768,ML-DSA-65,0.15.0,edge/x86_64,2026-10-09T18:44:23Z
110,512,0.2444,0.1401,0.3845,4991,4479,874.8,3.6662,2.1013,5.7674,True,ML-KEM-768,ML-DSA-65,0.15.0,edge/x86_64,2026-10-09T18:44:23Z
111,512,0.3189,0.1499,0.4687,4991,4479,874.8,4.7834,2.2478,7.0311,True,ML-KEM-768,ML-DSA-65,0.15.0,edge/x86_64,2026-10-09T18:44:23Z
112,512,0.2886,0.1593,0.4479,4991,4479,874.8,4.3287,2.3893,6.7179,True,ML-KEM-768,ML-DSA-65,0.15.0,edge/x86_64,2026-10-09T18:44:23Z
113,512,0.3762,0.1576,0.5339,4991,4479,874.8,5.6434,2.3647,8.0081,True,ML-KEM-768,ML-DSA-65,0.15.0,edge/x86_64,2026-10-09T18:44:23Z
114,512,0.2531,0.1414,0.3945,4991,4479,874.8,3.797,2.1209,5.9178,True,ML-KEM-768,ML-DSA-65,0.15.0,edge/x86_64,2026-10-09T18:44:23Z
115,512,0.2668,0.3547,0.6216,4991,4479,874.8,4.0026,5.3208,9.3234,True,ML-KEM-768,ML-DSA-65,0.15.0,edge/x86_64,2026-10-09T18:44:23Z
116,512,0.3904,0.3005,0.6908,4991,4479,874.8,5.8553,4.5069,10.3622,True,ML-KEM-768,ML-DSA-65,0.15.0,edge/x86_64,2026-10-09T18:44:23Z
117,512,0.324,0.2026,0.5265,4991,4479,874.8,4.8597,3.0384,7.8981,True,ML-KEM-768,ML-DSA-65,0.15.0,edge/x86_64,2026-10-09T18:44:23Z
118,512,0.2646,0.184,0.4487,4991,4479,874.8,3.9692,2.7606,6.7298,True,ML-KEM-768,ML-DSA-65,0.15.0,edge/x86_64,2026-10-09T18:44:23Z
119,512,0.2767,0.1966,0.4733,4991,4479,874.8,4.1499,2.9492,7.0991,True,ML-KEM-768,ML-DSA-65,0.15.0,edge/x86_64,2026-10-09T18:44:23Z
120,512,0.2749,0.1831,0.458,4991,4479,874.8,4.1233,2.7464,6.8697,True,ML-KEM-768,ML-DSA-65,0.15.0,edge/x86_64,2026-10-09T18:44:23Z
121,512,0.3084,0.2284,0.5368,4991,4479,874.8,4.626,3.4263,8.0523,True,ML-KEM-768,ML-DSA-65,0.15.0,edge/x86_64,2026-10-09T18:44:23Z
122,512,0.275,0.1425,0.4175,4991,4479,874.8,4.1243,2.1382,6.2624,True,ML-KEM-768,ML-DSA-65,0.15.0,edge/x86_64,2026-10-09T18:44:23Z
123,512,0.3324,0.2037,0.5362,4991,4479,874.8,4.9865,3.0562,8.0427,True,ML-KEM-768,ML-DSA-65,0.15.0,edge/x86_64,2026-10-09T18:44:23Z
124,512,0.1884,0.1552,0.3436,4991,4479,874.8,2.8254,2.3287,5.1541,True,ML-KEM-768,ML-DSA-65,0.15.0,edge/x86_64,2026-10-09T18:44:23Z
125,512,0.3886,0.1935,0.5821,4991,4479,874.8,5.8283,2.9029,8.7312,True,ML-KEM-768,ML-DSA-65,0.15.0,edge/x86_64,2026-10-09T18:44:23Z
126,512,0.2453,0.1836,0.4288,4991,4479,874.8,3.6788,2.7537,6.4325,True,ML-KEM-768,ML-DSA-65,0.15.0,edge/x86_64,2026-10-09T18:44:23Z
127,512,0.3894,0.2162,0.6056,4991,4479,874.8,5.8405,3.2434,9.084,True,ML-KEM-768,ML-DSA-65,0.15.0,edge/x86_64,2026-10-09T18:44:23Z
128,512,0.2733,0.1644,0.4377,4991,4479,874.8,4.0995,2.4664,6.5659,True,ML-KEM-768,ML-DSA-65,0.15.0,edge/x86_64,2026-10-09T18:44:23Z
129,512,0.3174,0.225,0.5424,4991,4479,874.8,4.7616,3.3747,8.1363,True,ML-KEM-768,ML-DSA-65,0.15.0,edge/x86_64,2026-10-09T18:44:23Z
130,512,0.3344,0.3873,0.7217,4991,4479,874.8,5.0158,5.8092,10.8251,True,ML-KEM-768,ML-DSA-65,0.15.0,edge/x86_64,2026-10-09T18:44:23Z
131,512,0.2529,0.1514,0.4042,4991,4479,874.8,3.7929,2.2703,6.0631,True,ML-KEM-768,ML-DSA-65,0.15.0,edge/x86_64,2026-10-09T18:44:23Z
132,512,0.2887,0.1637,0.4524,4991,4479,874.8,4.3298,2.4562,6.7859,True,ML-KEM-768,ML-DSA-65,0.15.0,edge/x86_64,2026-10-09T18:44:23Z
133,512,0.3182,0.1776,0.4957,4991,4479,874.8,4.7727,2.6634,7.4361,True,ML-KEM-768,ML-DSA-65,0.15.0,edge/x86_64,2026-10-09T18:44:23Z
134,512,0.5066,0.2448,0.7514,4991,4479,874.8,7.5991,3.6717,11.2709,True,ML-KEM-768,ML-DSA-65,0.15.0,edge/x86_64,2026-10-09T18:44:23Z
135,512,0.3155,0.2818,0.5974,4991,4479,874.8,4.7331,4.2275,8.9606,True,ML-KEM-768,ML-DSA-65,0.15.0,edge/x86_64,2026-10-09T18:44:23Z
136,512,0.6164,0.2066,0.8229,4991,4479,874.8,9.2454,3.0987,12.3441,True,ML-KEM-768,ML-DSA-65,0.15.0,edge/x86_64,2026-10-09T18:44:23Z
137,512,0.288,0.4422,0.7302,4991,4479,874.8,4.3202,6.6334,10.9537,True,ML-KEM-768,ML-DSA-65,0.15.0,edge/x86_64,2026-10-09T18:44:23Z
138,512,0.5466,0.2941,0.8407,4991,4479,874.8,8.1988,4.4116,12.6103,True,ML-KEM-768,ML-DSA-65,0.15.0,edge/x86_64,2026-10-09T18:44:23Z
139,512,0.3856,0.1879,0.5734,4991,4479,874.8,5.7833,2.8181,8.6014,True,ML-KEM-768,ML-DSA-65,0.15.0,edge/x86_64,2026-10-09T18:44:23Z
140,512,0.3106,0.1701,0.4808,4991,4479,874.8,4.6597,2.5518,7.2115,True,ML-KEM-768,ML-DSA-65,0.15.0,edge/x86_64,2026-10-09T18:44:23Z
141,512,0.2263,0.1656,0.3919,4991,4479,874.8,3.3952,2.4839,5.8791,True,ML-KEM-768,ML-DSA-65,0.15.0,edge/x86_64,2026-10-09T18:44:23Z
142,512,0.2919,0.2057,0.4975,4991,4479,874.8,4.378,3.0852,7.4632,True,ML-KEM-768,ML-DSA-65,0.15.0,edge/x86_64,2026-10-09T18:44:23Z
143,512,0.2042,0.3704,0.5746,4991,4479,874.8,3.0636,5.5556,8.6191,True,ML-KEM-768,ML-DSA-65,0.15.0,edge/x86_64,2026-10-09T18:44:23Z
144,512,0.467,0.1763,0.6433,4991,4479,874.8,7.005,2.6447,9.6497,True,ML-KEM-768,ML-DSA-65,0.15.0,edge/x86_64,2026-10-09T18:44:23Z
145,512,0.3791,0.2158,0.5949,4991,4479,874.8,5.6863,3.2375,8.9237,True,ML-KEM-768,ML-DSA-65,0.15.0,edge/x86_64,2026-10-09T18:44:23Z
146,512,0.2066,0.189,0.3956,4991,4479,874.8,3.0995,2.8348,5.9343,True,ML-KEM-768,ML-DSA-65,0.15.0,edge/x86_64,2026-10-09T18:44:23Z
147,512,0.3966,0.5106,0.9072,4991,4479,874.8,5.9486,7.659,13.6077,True,ML-KEM-768,ML-DSA-65,0.15.0,edge/x86_64,2026-10-09T18:44:23Z
148,512,0.2523,0.2397,0.492,4991,4479,874.8,3.785,3.5949,7.3798,True,ML-KEM-768,ML-DSA-65,0.15.0,edge/x86_64,2026-10-09T18:44:23Z
149,512,0.3628,0.166,0.5287,4991,4479,874.8,5.4415,2.4893,7.9308,True,ML-KEM-768,ML-DSA-65,0.15.0,edge/x86_64,2026-10-09T18:44:23Z
150,512,0.3118,0.1572,0.469,4991,4479,874.8,4.6777,2.358,7.0357,True,ML-KEM-768,ML-DSA-65,0.15.0,edge/x86_64,2026-10-09T18:44:23Z
151,512,0.3464,0.1731,0.5195,4991,4479,874.8,5.196,2.596,7.792,True,ML-KEM-768,ML-DSA-65,0.15.0,edge/x86_64,2026-10-09T18:44:23Z
152,512,0.2249,0.2357,0.4606,4991,4479,874.8,3.3731,3.5357,6.9088,True,ML-KEM-768,ML-DSA-65,0.15.0,edge/x86_64,2026-10-09T18:44:23Z
153,512,0.3104,0.1672,0.4777,4991,4479,874.8,4.6567,2.5083,7.165,True,ML-KEM-768,ML-DSA-65,0.15.0,edge/x86_64,2026-10-09T18:44:23Z
154,512,0.3019,0.3329,0.6347,4991,4479,874.8,4.5278,4.9928,9.5205,True,ML-KEM-768,ML-DSA-65,0.15.0,edge/x86_64,2026-10-09T18:44:23Z
155,512,0.7433,0.2817,1.025,4991,4479,874.8,11.1492,4.2252,15.3744,True,ML-KEM-768,ML-DSA-65,0.15.0,edge/x86_64,2026-10-09T18:44:23Z
156,512,0.2424,0.1783,0.4207,4991,4479,874.8,3.6361,2.6746,6.3107,True,ML-KEM-768,ML-DSA-65,0.15.0,edge/x86_64,2026-10-09T18:44:23Z
157,512,0.3537,0.2469,0.6006,4991,4479,874.8,5.3048,3.704,9.0088,True,ML-KEM-768,ML-DSA-65,0.15.0,edge/x86_64,2026-10-09T18:44:23Z
158,512,0.6154,0.333,0.9484,4991,4479,874.8,9.2312,4.9943,14.2255,True,ML-KEM-768,ML-DSA-65,0.15.0,edge/x86_64,2026-10-09T18:44:23Z
159,512,0.286,0.1546,0.4406,4991,4479,874.8,4.2895,2.3188,6.6083,True,ML-KEM-768,ML-DSA-65,0.15.0,edge/x86_64,2026-10-09T18:44:23Z
160,512,0.228,0.1505,0.3785,4991,4479,874.8,3.4203,2.2568,5.6771,True,ML-KEM-768,ML-DSA-65,0.15.0,edge/x86_64,2026-10-09T18:44:23Z
161,512,0.3115,0.2085,0.52,4991,4479,874.8,4.6721,3.1279,7.8,True,ML-KEM-768,ML-DSA-65,0.15.0,edge/x86_64,2026-10-09T18:44:23Z
162,512,0.1892,0.1854,0.3746,4991,4479,874.8,2.8381,2.7805,5.6186,True,ML-KEM-768,ML-DSA-65,0.15.0,edge/x86_64,2026-10-09T18:44:23Z
163,512,0.1854,0.1404,0.3258,4991,4479,874.8,2.7803,2.1061,4.8865,True,ML-KEM-768,ML-DSA-65,0.15.0,edge/x86_64,2026-10-09T18:44:23Z
164,512,0.2311,0.1499,0.381,4991,4479,874.8,3.4662,2.2488,5.715,True,ML-KEM-768,ML-DSA-65,0.15.0,edge/x86_64,2026-10-09T18:44:23Z
165,512,0.3952,0.204,0.5992,4991,4479,874.8,5.9281,3.0594,8.9875,True,ML-KEM-768,ML-DSA-65,0.15.0,edge/x86_64,2026-10-09T18:44:23Z
166,512,0.2457,0.1671,0.4129,4991,4479,874.8,3.6858,2.507,6.1928,True,ML-KEM-768,ML-DSA-65,0.15.0,edge/x86_64,2026-10-09T18:44:23Z
167,512,0.2943,0.1404,0.4347,4991,4479,874.8,4.415,2.1059,6.5209,True,ML-KEM-768,ML-DSA-65,0.15.0,edge/x86_64,2026-10-09T18:44:23Z
168,512,0.4127,0.2126,0.6253,4991,4479,874.8,6.1898,3.1897,9.3795,True,ML-KEM-768,ML-DSA-65,0.15.0,edge/x86_64,2026-10-09T18:44:23Z
169,512,0.2308,0.221,0.4519,4991,4479,874.8,3.4622,3.3157,6.7779,True,ML-KEM-768,ML-DSA-65,0.15.0,edge/x86_64,2026-10-09T18:44:23Z
170,512,0.269,0.1752,0.4441,4991,4479,874.8,4.0345,2.6275,6.662,True,ML-KEM-768,ML-DSA-65,0.15.0,edge/x86_64,2026-10-09T18:44:23Z
171,512,0.235,0.1466,0.3816,4991,4479,874.8,3.5252,2.199,5.7241,True,ML-KEM-768,ML-DSA-65,0.15.0,edge/x86_64,2026-10-09T18:44:23Z
172,512,0.2157,0.1476,0.3632,4991,4479,874.8,3.235,2.2136,5.4486,True,ML-KEM-768,ML-DSA-65,0.15.0,edge/x86_64,2026-10-09T18:44:23Z
173,512,0.263,0.2303,0.4933,4991,4479,874.8,3.9444,3.4552,7.3997,True,ML-KEM-768,ML-DSA-65,0.15.0,edge/x86_64,2026-10-09T18:44:23Z
174,512,0.355,0.1623,0.5173,4991,4479,874.8,5.3252,2.4338,7.759,True,ML-KEM-768,ML-DSA-65,0.15.0,edge/x86_64,2026-10-09T18:44:23Z
175,512,0.2208,0.1519,0.3727,4991,4479,874.8,3.3123,2.2786,5.5909,True,ML-KEM-768,ML-DSA-65,0.15.0,edge/x86_64,2026-10-09T18:44:23Z
176,512,0.2825,0.147,0.4295,4991,4479,874.8,4.2378,2.2053,6.4431,True,ML-KEM-768,ML-DSA-65,0.15.0,edge/x86_64,2026-10-09T18:44:23Z
177,512,0.2024,0.1723,0.3747,4991,4479,874.8,3.0364,2.5839,5.6203,True,ML-KEM-768,ML-DSA-65,0.15.0,edge/x86_64,2026-10-09T18:44:23Z
178,512,0.2949,0.2035,0.4984,4991,4479,874.8,4.4235,3.0527,7.4761,True,ML-KEM-768,ML-DSA-65,0.15.0,edge/x86_64,2026-10-09T18:44:23Z
179,512,0.5023,0.1744,0.6767,4991,4479,874.8,7.5344,2.6159,10.1503,True,ML-KEM-768,ML-DSA-65,0.15.0,edge/x86_64,2026-10-09T18:44:23Z
180,512,0.1951,0.152,0.3471,4991,4479,874.8,2.9261,2.2804,5.2064,True,ML-KEM-768,ML-DSA-65,0.15.0,edge/x86_64,2026-10-09T18:44:23Z
181,512,0.2078,0.1613,0.3691,4991,4479,874.8,3.1173,2.4193,5.5366,True,ML-KEM-768,ML-DSA-65,0.15.0,edge/x86_64,2026-10-09T18:44:23Z
182,512,0.1566,0.1221,0.2787,4991,4479,874.8,2.3497,1.8312,4.1809,True,ML-KEM-768,ML-DSA-65,0.15.0,edge/x86_64,2026-10-09T18:44:23Z
183,512,0.3068,0.1395,0.4463,4991,4479,874.8,4.6016,2.0927,6.6943,True,ML-KEM-768,ML-DSA-65,0.15.0,edge/x86_64,2026-10-09T18:44:23Z
184,512,0.2125,0.1297,0.3422,4991,4479,874.8,3.1879,1.9451,5.1331,True,ML-KEM-768,ML-DSA-65,0.15.0,edge/x86_64,2026-10-09T18:44:23Z
185,512,0.2331,0.1203,0.3534,4991,4479,874.8,3.4972,1.8038,5.301,True,ML-KEM-768,ML-DSA-65,0.15.0,edge/x86_64,2026-10-09T18:44:23Z
186,512,0.1655,0.1219,0.2875,4991,4479,874.8,2.483,1.8292,4.3121,True,ML-KEM-768,ML-DSA-65,0.15.0,edge/x86_64,2026-10-09T18:44:23Z
187,512,0.2598,0.1216,0.3814,4991,4479,874.8,3.8975,1.8239,5.7214,True,ML-KEM-768,ML-DSA-65,0.15.0,edge/x86_64,2026-10-09T18:44:23Z
188,512,0.2303,0.2505,0.4808,4991,4479,874.8,3.4542,3.7571,7.2113,True,ML-KEM-768,ML-DSA-65,0.15.0,edge/x86_64,2026-10-09T18:44:23Z
189,512,0.3514,0.194,0.5454,4991,4479,874.8,5.2709,2.9099,8.1808,True,ML-KEM-768,ML-DSA-65,0.15.0,edge/x86_64,2026-10-09T18:44:23Z
190,512,0.3764,0.1656,0.542,4991,4479,874.8,5.6455,2.4841,8.1296,True,ML-KEM-768,ML-DSA-65,0.15.0,edge/x86_64,2026-10-09T18:44:23Z
191,512,1.5187,0.5574,2.0761,4991,4479,874.8,22.7799,8.3614,31.1413,True,ML-KEM-768,ML-DSA-65,0.15.0,edge/x86_64,2026-10-09T18:44:23Z
192,512,0.4325,0.1908,0.6233,4991,4479,874.8,6.4876,2.8616,9.3492,True,ML-KEM-768,ML-DSA-65,0.15.0,edge/x86_64,2026-10-09T18:44:23Z
193,512,0.5057,0.2047,0.7104,4991,4479,874.8,7.5851,3.0703,10.6554,True,ML-KEM-768,ML-DSA-65,0.15.0,edge/x86_64,2026-10-09T18:44:23Z
194,512,0.2481,0.322,0.5701,4991,4479,874.8,3.7214,4.8306,8.552,True,ML-KEM-768,ML-DSA-65,0.15.0,edge/x86_64,2026-10-09T18:44:23Z
195,512,0.3552,0.2011,0.5563,4991,4479,874.8,5.3284,3.0166,8.3451,True,ML-KEM-768,ML-DSA-65,0.15.0,edge/x86_64,2026-10-09T18:44:23Z
196,512,0.2652,0.3207,0.5859,4991,4479,874.8,3.9785,4.8102,8.7887,True,ML-KEM-768,ML-DSA-65,0.15.0,edge/x86_64,2026-10-09T18:44:23Z
197,512,0.6195,0.3069,0.9264,4991,4479,874.8,9.2925,4.6041,13.8966,True,ML-KEM-768,ML-DSA-65,0.15.0,edge/x86_64,2026-10-09T18:44:23Z
198,512,0.294,0.2566,0.5507,4991,4479,874.8,4.4101,3.8496,8.2598,True,ML-KEM-768,ML-DSA-65,0.15.0,edge/x86_64,2026-10-09T18:44:23Z
199,512,0.4654,0.1821,0.6475,4991,4479,874.8,6.9817,2.7312,9.7129,True,ML-KEM-768,ML-DSA-65,0.15.0,edge/x86_64,2026-10-09T18:44:23Z
0,1024,0.3489,0.1309,0.4798,5503,4479,437.4,5.2331,1.9638,7.1969,True,ML-KEM-768,ML-DSA-65,0.15.0,edge/x86_64,2026-10-09T18:44:23Z
1,1024,0.2273,0.1257,0.353,5503,4479,437.4,3.4102,1.8848,5.295,True,ML-KEM-768,ML-DSA-65,0.15.0,edge/x86_64,2026-10-09T18:44:23Z
2,1024,0.2515,0.2318,0.4833,5503,4479,437.4,3.7727,3.4769,7.2495,True,ML-KEM-768,ML-DSA-65,0.15.0,edge/x86_64,2026-10-09T18:44:23Z
3,1024,0.2197,0.1546,0.3742,5503,4479,437.4,3.2952,2.3184,5.6135,True,ML-KEM-768,ML-DSA-65,0.15.0,edge/x86_64,2026-10-09T18:44:23Z
4,1024,0.2579,0.1546,0.4125,5503,4479,437.4,3.8687,2.3185,6.1872,True,ML-KEM-768,ML-DSA-65,0.15.0,edge/x86_64,2026-10-09T18:44:23Z
5,1024,0.3401,0.1555,0.4956,5503,4479,437.4,5.1016,2.3327,7.4343,True,ML-KEM-768,ML-DSA-65,0.15.0,edge/x86_64,2026-10-09T18:44:23Z
6,1024,0.1856,0.1461,0.3316,5503,4479,437.4,2.7835,2.1908,4.9743,True,ML-KEM-768,ML-DSA-65,0.15.0,edge/x86_64,2026-10-09T18:44:23Z
7,1024,0.2639,0.1393,0.4032,5503,4479,437.4,3.9588,2.0891,6.048,True,ML-KEM-768,ML-DSA-65,0.15.0,edge/x86_64,2026-10-09T18:44:23Z
8,1024,0.2328,0.1492,0.382,5503,4479,437.4,3.4915,2.2386,5.73,True,ML-KEM-768,ML-DSA-65,0.15.0,edge/x86_64,2026-10-09T18:44:23Z
9,1024,0.4085,0.1685,0.577,5503,4479,437.4,6.1277,2.5275,8.6552,True,ML-KEM-768,ML-DSA-65,0.15.0,edge/x86_64,2026-10-09T18:44:23Z
10,1024,0.1874,0.2533,0.4407,5503,4479,437.4,2.8113,3.7989,6.6102,True,ML-KEM-768,ML-DSA-65,0.15.0,edge/x86_64,2026-10-09T18:44:23Z
11,1024,0.2756,0.2139,0.4896,5503,4479,437.4,4.1345,3.2091,7.3437,True,ML-KEM-768,ML-DSA-65,0.15.0,edge/x86_64,2026-10-09T18:44:23Z
12,1024,0.1921,0.1534,0.3455,5503,4479,437.4,2.8809,2.3012,5.1821,True,ML-KEM-768,ML-DSA-65,0.15.0,edge/x86_64,2026-10-09T18:44:23Z
13,1024,0.1845,0.1459,0.3304,5503,4479,437.4,2.7682,2.1882,4.9564,True,ML-KEM-768,ML-DSA-65,0.15.0,edge/x86_64,2026-10-09T18:44:23Z
14,1024,0.3513,0.1563,0.5077,5503,4479,437.4,5.2698,2.345,7.6148,True,ML-KEM-768,ML-DSA-65,0.15.0,edge/x86_64,2026-10-09T18:44:23Z
15,1024,0.3837,0.1902,0.5739,5503,4479,437.4,5.7558,2.8532,8.6091,True,ML-KEM-768,ML-DSA-65,0.15.0,edge/x86_64,2026-10-09T18:44:23Z
16,1024,0.1908,0.1486,0.3394,5503,4479,437.4,2.8616,2.2296,5.0912,True,ML-KEM-768,ML-DSA-65,0.15.0,edge/x86_64,2026-10-09T18:44:23Z
17,1024,0.3164,0.1519,0.4683,5503,4479,437.4,4.7454,2.2792,7.0246,True,ML-KEM-768,ML-DSA-65,0.15.0,edge/x86_64,2026-10-09T18:44:23Z
18,1024,0.4021,0.311,0.7131,5503,4479,437.4,6.0314,4.665,10.6964,True,ML-KEM-768,ML-DSA-65,0.15.0,edge/x86_64,2026-10-09T18:44:23Z
19,1024,0.4773,0.1999,0.6771,5503,4479,437.4,7.1588,2.9979,10.1567,True,ML-KEM-768,ML-DSA-65,0.15.0,edge/x86_64,2026-10-09T18:44:23Z
20,1024,0.2757,0.1513,0.427,5503,4479,437.4,4.1356,2.2696,6.4052,True,ML-KEM-768,ML-DSA-65,0.15.0,edge/x86_64,2026-10-09T18:44:23Z
21,1024,0.179,0.1774,0.3564,5503,4479,437.4,2.6844,2.6613,5.3456,True,ML-KEM-768,ML-DSA-65,0.15.0,edge/x86_64,2026-10-09T18:44:23Z
22,1024,0.2414,0.1524,0.3938,5503,4479,437.4,3.621,2.2865,5.9075,True,ML-KEM-768,ML-DSA-65,0.15.0,edge/x86_64,2026-10-09T18:44:23Z
23,1024,0.3175,0.2701,0.5876,5503,4479,437.4,4.7619,4.0522,8.8141,True,ML-KEM-768,ML-DSA-65,0.15.0,edge/x86_64,2026-10-09T18:44:23Z
24,1024,0.4575,0.1708,0.6283,5503,4479,437.4,6.863,2.5613,9.4243,True,ML-KEM-768,ML-DSA-65,0.15.0,edge/x86_64,2026-10-09T18:44:23Z
25,1024,0.3406,0.1576,0.4982,5503,4479,437.4,5.109,2.3645,7.4736,True,ML-KEM-768,ML-DSA-65,0.15.0,edge/x86_64,2026-10-09T18:44:23Z
26,1024,0.2945,0.1488,0.4432,5503,4479,437.4,4.4169,2.2315,6.6484,True,ML-KEM-768,ML-DSA-65,0.15.0,edge/x86_64,2026-10-09T18:44:23Z
27,1024,0.2768,0.1649,0.4417,5503,4479,437.4,4.1514,2.4739,6.6252,True,ML-KEM-768,ML-DSA-65,0.15.0,edge/x86_64,2026-10-09T18:44:23Z
28,1024,0.1908,0.1429,0.3338,5503,4479,437.4,2.8627,2.1436,5.0064,True,ML-KEM-768,ML-DSA-65,0.15.0,edge/x86_64,2026-10-09T18:44:23Z
29,1024,0.178,0.1462,0.3242,5503,4479,437.4,2.6698,2.1934,4.8632,True,ML-KEM-768,ML-DSA-65,0.15.0,edge/x86_64,2026-10-09T18:44:23Z
30,1024,0.4785,0.1641,0.6426,5503,4479,437.4,7.178,2.4614,9.6395,True,ML-KEM-768,ML-DSA-65,0.15.0,edge/x86_64,2026-10-09T18:44:23Z
31,1024,0.3433,0.1613,0.5046,5503,4479,437.4,5.1498,2.4193,7.5691,True,ML-KEM-768,ML-DSA-65,0.15.0,edge/x86_64,2026-10-09T18:44:23Z
32,1024,0.5206,0.1746,0.6952,5503,4479,437.4,7.8089,2.6187,10.4276,True,ML-KEM-768,ML-DSA-65,0.15.0,edge/x86_64,2026-10-09T18:44:23Z
33,1024,0.2886,0.1515,0.4401,5503,4479,437.4,4.3289,2.2731,6.602,True,ML-KEM-768,ML-DSA-65,0.15.0,edge/x86_64,2026-10-09T18:44:23Z
34,1024,0.1772,0.1289,0.3061,5503,4479,437.4,2.6586,1.9333,4.5919,True,ML-KEM-768,ML-DSA-65,0.15.0,edge/x86_64,2026-10-09T18:44:23Z
35,1024,0.1567,0.2247,0.3814,5503,4479,437.4,2.3503,3.3707,5.7209,True,ML-KEM-768,ML-DSA-65,0.15.0,edge/x86_64,2026-10-09T18:44:23Z
36,1024,0.2323,0.1285,0.3608,5503,4479,437.4,3.485,1.9274,5.4124,True,ML-KEM-768,ML-DSA-65,0.15.0,edge/x86_64,2026-10-09T18:44:23Z
37,1024,0.1735,0.1216,0.2951,5503,4479,437.4,2.6027,1.8239,4.4266,True,ML-KEM-768,ML-DSA-65,0.15.0,edge/x86_64,2026-10-09T18:44:23Z
38,1024,0.2035,0.1437,0.3471,5503,4479,437.4,3.0522,2.1549,5.2071,True,ML-KEM-768,ML-DSA-65,0.15.0,edge/x86_64,2026-10-09T18:44:23Z
39,1024,0.2401,0.1303,0.3705,5503,4479,437.4,3.6019,1.9552,5.5571,True,ML-KEM-768,ML-DSA-65,0.15.0,edge/x86_64,2026-10-09T18:44:23Z
40,1024,0.1695,0.1214,0.2908,5503,4479,437.4,2.5418,1.8207,4.3625,True,ML-KEM-768,ML-DSA-65,0.15.0,edge/x86_64,2026-10-09T18:44:23Z
41,1024,0.3052,0.1503,0.4555,5503,4479,437.4,4.5778,2.255,6.8328,True,ML-KEM-768,ML-DSA-65,0.15.0,edge/x86_64,2026-10-09T18:44:23Z
42,1024,0.2388,0.1531,0.3919,5503,4479,437.4,3.5814,2.2969,5.8784,True,ML-KEM-768,ML-DSA-65,0.15.0,edge/x86_64,2026-10-09T18:44:23Z
43,1024,0.5063,0.256,0.7623,5503,4479,437.4,7.5943,3.8399,11.4343,True,ML-KEM-768,ML-DSA-65,0.15.0,edge/x86_64,2026-10-09T18:44:23Z
44,1024,0.2459,0.2866,0.5326,5503,4479,437.4,3.6889,4.2996,7.9885,True,ML-KEM-768,ML-DSA-65,0.15.0,edge/x86_64,2026-10-09T18:44:23Z
45,1024,0.3845,0.1606,0.5451,5503,4479,437.4,5.7676,2.4092,8.1767,True,ML-KEM-768,ML-DSA-65,0.15.0,edge/x86_64,2026-10-09T18:44:23Z
46,1024,0.3378,0.1421,0.48,5503,4479,437.4,5.0677,2.1318,7.1996,True,ML-KEM-768,ML-DSA-65,0.15.0,edge/x86_64,2026-10-09T18:44:23Z
47,1024,0.2184,0.1371,0.3555,5503,4479,437.4,3.2759,2.0561,5.332,True,ML-KEM-768,ML-DSA-65,0.15.0,edge/x86_64,2026-10-09T18:44:23Z
48,1024,0.1963,0.127,0.3233,5503,4479,437.4,2.944,1.9056,4.8496,True,ML-KEM-768,ML-DSA-65,0.15.0,edge/x86_64,2026-10-09T18:44:23Z
49,1024,0.2743,0.1489,0.4232,5503,4479,437.4,4.1148,2.2331,6.3479,True,ML-KEM-768,ML-DSA-65,0.15.0,edge/x86_64,2026-10-09T18:44:23Z
50,1024,0.2772,0.1546,0.4318,5503,4479,437.4,4.1583,2.3184,6.4767,True,ML-KEM-768,ML-DSA-65,0.15.0,edge/x86_64,2026-10-09T18:44:23Z
51,1024,0.4167,0.1774,0.5941,5503,4479,437.4,6.251,2.661,8.912,True,ML-KEM-768,ML-DSA-65,0.15.0,edge/x86_64,2026-10-09T18:44:23Z
52,1024,0.2481,0.1476,0.3957,5503,4479,437.4,3.7213,2.2143,5.9356,True,ML-KEM-768,ML-DSA-65,0.15.0,edge/x86_64,2026-10-09T18:44:23Z
53,1024,0.3873,0.1572,0.5445,5503,4479,437.4,5.8094,2.3581,8.1674,True,ML-KEM-768,ML-DSA-65,0.15.0,edge/x86_64,2026-10-09T18:44:23Z
54,1024,0.2181,0.1496,0.3677,5503,4479,437.4,3.2714,2.2436,5.515,True,ML-KEM-768,ML-DSA-65,0.15.0,edge/x86_64,2026-10-09T18:44:23Z
55,1024,0.1912,0.1796,0.3708,5503,4479,437.4,2.8682,2.6933,5.5615,True,ML-KEM-768,ML-DSA-65,0.15.0,edge/x86_64,2026-10-09T18:44:23Z
56,1024,0.4048,0.1657,0.5706,5503,4479,437.4,6.0726,2.4861,8.5587,True,ML-KEM-768,ML-DSA-65,0.15.0,edge/x86_64,2026-10-09T18:44:23Z
57,1024,0.256,0.2379,0.4939,5503,4479,437.4,3.84,3.569,7.409,True,ML-KEM-768,ML-DSA-65,0.15.0,edge/x86_64,2026-10-09T18:44:23Z
58,1024,0.2254,0.1509,0.3763,5503,4479,437.4,3.381,2.2634,5.6445,True,ML-KEM-768,ML-DSA-65,0.15.0,edge/x86_64,2026-10-09T18:44:23Z
59,1024,0.272,0.1855,0.4575,5503,4479,437.4,4.0802,2.7821,6.8623,True,ML-KEM-768,ML-DSA-65,0.15.0,edge/x86_64,2026-10-09T18:44:23Z
60,1024,0.193,0.138,0.331,5503,4479,437.4,2.8948,2.0706,4.9653,True,ML-KEM-768,ML-DSA-65,0.15.0,edge/x86_64,2026-10-09T18:44:23Z
61,1024,0.2042,0.1554,0.3596,5503,4479,437.4,3.0637,2.3309,5.3946,True,ML-KEM-768,ML-DSA-65,0.15.0,edge/x86_64,2026-10-09T18:44:23Z
62,1024,0.4716,0.2109,0.6825,5503,4479,437.4,7.074,3.1639,10.2378,True,ML-KEM-768,ML-DSA-65,0.15.0,edge/x86_64,2026-10-09T18:44:23Z
63,1024,0.363,0.3219,0.6849,5503,4479,437.4,5.4453,4.8288,10.2741,True,ML-KEM-768,ML-DSA-65,0.15.0,edge/x86_64,2026-10-09T18:44:23Z
64,1024,0.2505,0.1577,0.4082,5503,4479,437.4,3.7575,2.3648,6.1223,True,ML-KEM-768,ML-DSA-65,0.15.0,edge/x86_64,2026-10-09T18:44:23Z
65,1024,0.1299,0.1939,0.3238,5503,4479,437.4,1.9479,2.9092,4.8571,True,ML-KEM-768,ML-DSA-65,0.15.0,edge/x86_64,2026-10-09T18:44:23Z
66,1024,0.1846,0.1338,0.3184,5503,4479,437.4,2.7693,2.0072,4.7765,True,ML-KEM-768,ML-DSA-65,0.15.0,edge/x86_64,2026-10-09T18:44:23Z
67,1024,0.346,0.0983,0.4443,5503,4479,437.4,5.1893,1.4745,6.6638,True,ML-KEM-768,ML-DSA-65,0.15.0,edge/x86_64,2026-10-09T18:44:23Z
68,1024,0.5169,0.1226,0.6395,5503,4479,437.4,7.7529,1.8397,9.5926,True,ML-KEM-768,ML-DSA-65,0.15.0,edge/x86_64,2026-10-09T18:44:23Z
69,1024,0.1575,0.0971,0.2545,5503,4479,437.4,2.362,1.4562,3.8181,True,ML-KEM-768,ML-DSA-65,0.15.0,edge/x86_64,2026-10-09T18:44:23Z
70,1024,0.1666,0.1818,0.3484,5503,4479,437.4,2.4985,2.7268,5.2253,True,ML-KEM-768,ML-DSA-65,0.15.0,edge/x86_64,2026-10-09T18:44:23Z
71,1024,0.1558,0.1504,0.3062,5503,4479,437.4,2.3374,2.2563,4.5937,True,ML-KEM-768,ML-DSA-65,0.15.0,edge/x86_64,2026-10-09T18:44:23Z
72,1024,0.2898,0.1274,0.4171,5503,4479,437.4,4.3463,1.9109,6.2572,True,ML-KEM-768,ML-DSA-65,0.15.0,edge/x86_64,2026-10-09T18:44:23Z
73,1024,0.1428,0.1156,0.2583,5503,4479,437.4,2.1413,1.7335,3.8749,True,ML-KEM-768,ML-DSA-65,0.15.0,edge/x86_64,2026-10-09T18:44:23Z
74,1024,0.1594,0.0968,0.2562,5503,4479,437.4,2.3913,1.4524,3.8437,True,ML-KEM-768,ML-DSA-65,0.15.0,edge/x86_64,2026-10-09T18:44:23Z
75,1024,0.3297,0.1103,0.4399,5503,4479,437.4,4.9452,1.6538,6.599,True,ML-KEM-768,ML-DSA-65,0.15.0,edge/x86_64,2026-10-09T18:44:23Z
76,1024,0.1297,0.1573,0.287,5503,4479,437.4,1.9457,2.3601,4.3057,True,ML-KEM-768,ML-DSA-65,0.15.0,edge/x86_64,2026-10-09T18:44:23Z
77,1024,0.158,0.0968,0.2547,5503,4479,437.4,2.3694,1.4514,3.8208,True,ML-KEM-768,ML-DSA-65,0.15.0,edge/x86_64,2026-10-09T18:44:23Z
78,1024,0.1831,0.1096,0.2926,5503,4479,437.4,2.7458,1.6436,4.3893,True,ML-KEM-768,ML-DSA-65,0.15.0,edge/x86_64,2026-10-09T18:44:23Z
79,1024,0.3139,0.2791,0.593,5503,4479,437.4,4.7091,4.1862,8.8953,True,ML-KEM-768,ML-DSA-65,0.15.0,edge/x86_64,2026-10-09T18:44:23Z
80,1024,0.2139,0.1671,0.381,5503,4479,437.4,3.2082,2.5072,5.7153,True,ML-KEM-768,ML-DSA-65,0.15.0,edge/x86_64,2026-10-09T18:44:23Z
81,1024,0.246,0.3087,0.5546,5503,4479,437.4,3.6896,4.63,8.3197,True,ML-KEM-768,ML-DSA-65,0.15.0,edge/x86_64,2026-10-09T18:44:23Z
82,1024,0.2777,0.2221,0.4998,5503,4479,437.4,4.1651,3.3317,7.4968,True,ML-KEM-768,ML-DSA-65,0.15.0,edge/x86_64,2026-10-09T18:44:23Z
83,1024,0.4398,0.2086,0.6484,5503,4479,437.4,6.597,3.1287,9.7257,True,ML-KEM-768,ML-DSA-65,0.15.0,edge/x86_64,2026-10-09T18:44:23Z
84,1024,0.3152,0.2058,0.521,5503,4479,437.4,4.7282,3.087,7.8152,True,ML-KEM-768,ML-DSA-65,0.15.0,edge/x86_64,2026-10-09T18:44:23Z
85,1024,0.2067,0.1118,0.3185,5503,4479,437.4,3.1008,1.6773,4.7781,True,ML-KEM-768,ML-DSA-65,0.15.0,edge/x86_64,2026-10-09T18:44:23Z
86,1024,0.2288,0.1889,0.4177,5503,4479,437.4,3.4322,2.8331,6.2653,True,ML-KEM-768,ML-DSA-65,0.15.0,edge/x86_64,2026-10-09T18:44:23Z
87,1024,0.3715,0.1524,0.5239,5503,4479,437.4,5.573,2.2854,7.8585,True,ML-KEM-768,ML-DSA-65,0.15.0,edge/x86_64,2026-10-09T18:44:23Z
88,1024,0.2518,0.169,0.4208,5503,4479,437.4,3.7763,2.5356,6.3119,True,ML-KEM-768,ML-DSA-65,0.15.0,edge/x86_64,2026-10-09T18:44:23Z
89,1024,0.1501,0.1432,0.2933,5503,4479,437.4,2.2508,2.1486,4.3994,True,ML-KEM-768,ML-DSA-65,0.15.0,edge/x86_64,2026-10-09T18:44:23Z
90,1024,0.126,0.0956,0.2216,5503,4479,437.4,1.8893,1.4343,3.3236,True,ML-KEM-768,ML-DSA-65,0.15.0,edge/x86_64,2026-10-09T18:44:23Z
91,1024,0.1413,0.0944,0.2358,5503,4479,437.4,2.1198,1.4165,3.5363,True,ML-KEM-768,ML-DSA-65,0.15.0,edge/x86_64,2026-10-09T18:44:23Z
92,1024,0.1173,0.1358,0.2531,5503,4479,437.4,1.7596,2.0367,3.7963,True,ML-KEM-768,ML-DSA-65,0.15.0,edge/x86_64,2026-10-09T18:44:23Z
93,1024,0.2543,0.098,0.3523,5503,4479,437.4,3.8138,1.4705,5.2843,True,ML-KEM-768,ML-DSA-65,0.15.0,edge/x86_64,2026-10-09T18:44:23Z
94,1024,0.2338,0.0957,0.3295,5503,4479,437.4,3.5069,1.4351,4.942,True,ML-KEM-768,ML-DSA-65,0.15.0,edge/x86_64,2026-10-09T18:44:23Z
95,1024,0.1823,0.1353,0.3176,5503,4479,437.4,2.7345,2.0301,4.7646,True,ML-KEM-768,ML-DSA-65,0.15.0,edge/x86_64,2026-10-09T18:44:23Z
96,1024,0.171,0.0982,0.2692,5503,4479,437.4,2.5644,1.4734,4.0379,True,ML-KEM-768,ML-DSA-65,0.15.0,edge/x86_64,2026-10-09T18:44:23Z
97,1024,0.1445,0.0947,0.2392,5503,4479,437.4,2.1671,1.4209,3.588,True,ML-KEM-768,ML-DSA-65,0.15.0,edge/x86_64,2026-10-09T18:44:23Z
98,1024,0.1411,0.0945,0.2356,5503,4479,437.4,2.1164,1.4177,3.5341,True,ML-KEM-768,ML-DSA-65,0.15.0,edge/x86_64,2026-10-09T18:44:23Z
99,1024,0.2135,0.1041,0.3176,5503,4479,437.4,3.202,1.5621,4.7641,True,ML-KEM-768,ML-DSA-65,0.15.0,edge/x86_64,2026-10-09T18:44:23Z
100,1024,0.1767,0.0967,0.2734,5503,4479,437.4,2.6511,1.4506,4.1017,True,ML-KEM-768,ML-DSA-65,0.15.0,edge/x86_64,2026-10-09T18:44:23Z
101,1024,0.166,0.0951,0.2611,5503,4479,437.4,2.4905,1.4264,3.9169,True,ML-KEM-768,ML-DSA-65,0.15.0,edge/x86_64,2026-10-09T18:44:23Z
102,1024,0.1798,0.5784,0.7582,5503,4479,437.4,2.6974,8.6762,11.3736,True,ML-KEM-768,ML-DSA-65,0.15.0,edge/x86_64,2026-10-09T18:44:23Z
103,1024,0.6999,0.1759,0.8758,5503,4479,437.4,10.4982,2.6387,13.1369,True,ML-KEM-768,ML-DSA-65,0.15.0,edge/x86_64,2026-10-09T18:44:23Z
104,1024,0.3033,0.1617,0.4651,5503,4479,437.4,4.5498,2.4262,6.976,True,ML-KEM-768,ML-DSA-65,0.15.0,edge/x86_64,2026-10-09T18:44:23Z
105,1024,0.5106,0.262,0.7727,5503,4479,437.4,7.6595,3.9306,11.5901,True,ML-KEM-768,ML-DSA-65,0.15.0,edge/x86_64,2026-10-09T18:44:23Z
106,1024,0.2352,0.1591,0.3943,5503,4479,437.4,3.5285,2.3865,5.9151,True,ML-KEM-768,ML-DSA-65,0.15.0,edge/x86_64,2026-10-09T18:44:23Z
107,1024,0.2556,0.1573,0.4129,5503,4479,437.4,3.8344,2.3591,6.1935,True,ML-KEM-768,ML-DSA-65,0.15.0,edge/x86_64,2026-10-09T18:44:23Z
108,1024,0.2902,0.2082,0.4985,5503,4479,437.4,4.3536,3.1234,7.477,True,ML-KEM-768,ML-DSA-65,0.15.0,edge/x86_64,2026-10-09T18:44:23Z
109,1024,0.3031,0.1691,0.4722,5503,4479,437.4,4.5466,2.5364,7.083,True,ML-KEM-768,ML-DSA-65,0.15.0,edge/x86_64,2026-10-09T18:44:23Z
110,1024,0.3067,0.1552,0.4619,5503,4479,437.4,4.6007,2.3278,6.9286,True,ML-KEM-768,ML-DSA-65,0.15.0,edge/x86_64,2026-10-09T18:44:23Z
111,1024,0.31,0.1775,0.4875,5503,4479,437.4,4.6498,2.6622,7.3121,True,ML-KEM-768,ML-DSA-65,0.15.0,edge/x86_64,2026-10-09T18:44:23Z
112,1024,0.2514,0.48,0.7314,5503,4479,437.4,3.7703,7.2001,10.9704,True,ML-KEM-768,ML-DSA-65,0.15.0,edge/x86_64,2026-10-09T18:44:23Z
113,1024,0.2649,0.1647,0.4296,5503,4479,437.4,3.9742,2.4701,6.4444,True,ML-KEM-768,ML-DSA-65,0.15.0,edge/x86_64,2026-10-09T18:44:23Z
114,1024,0.4525,0.2062,0.6587,5503,4479,437.4,6.7881,3.0927,9.8807,True,ML-KEM-768,ML-DSA-65,0.15.0,edge/x86_64,2026-10-09T18:44:23Z
115,1024,0.1981,0.1709,0.369,5503,4479,437.4,2.9714,2.5635,5.5349,True,ML-KEM-768,ML-DSA-65,0.15.0,edge/x86_64,2026-10-09T18:44:23Z
116,1024,0.217,0.2762,0.4932,5503,4479,437.4,3.2551,4.1432,7.3984,True,ML-KEM-768,ML-DSA-65,0.15.0,edge/x86_64,2026-10-09T18:44:23Z
117,1024,0.234,0.1615,0.3954,5503,4479,437.4,3.5095,2.4222,5.9317,True,ML-KEM-768,ML-DSA-65,0.15.0,edge/x86_64,2026-10-09T18:44:23Z
118,1024,0.1933,0.1633,0.3566,5503,4479,437.4,2.8995,2.4496,5.3491,True,ML-KEM-768,ML-DSA-65,0.15.0,edge/x86_64,2026-10-09T18:44:23Z
119,1024,0.3098,0.167,0.4768,5503,4479,437.4,4.6472,2.5051,7.1523,True,ML-KEM-768,ML-DSA-65,0.15.0,edge/x86_64,2026-10-09T18:44:23Z
120,1024,0.2009,0.1671,0.368,5503,4479,437.4,3.0134,2.506,5.5194,True,ML-KEM-768,ML-DSA-65,0.15.0,edge/x86_64,2026-10-09T18:44:23Z
121,1024,0.4694,0.3156,0.785,5503,4479,437.4,7.0412,4.7338,11.775,True,ML-KEM-768,ML-DSA-65,0.15.0,edge/x86_64,2026-10-09T18:44:23Z
122,1024,0.2803,0.2175,0.4978,5503,4479,437.4,4.2043,3.2629,7.4672,True,ML-KEM-768,ML-DSA-65,0.15.0,edge/x86_64,2026-10-09T18:44:23Z
123,1024,0.406,0.1711,0.5771,5503,4479,437.4,6.0893,2.5671,8.6563,True,ML-KEM-768,ML-DSA-65,0.15.0,edge/x86_64,2026-10-09T18:44:23Z
124,1024,0.5676,0.1981,0.7657,5503,4479,437.4,8.5143,2.9708,11.4851,True,ML-KEM-768,ML-DSA-65,0.15.0,edge/x86_64,2026-10-09T18:44:23Z
125,1024,0.2393,0.1647,0.404,5503,4479,437.4,3.589,2.4708,6.0597,True,ML-KEM-768,ML-DSA-65,0.15.0,edge/x86_64,2026-10-09T18:44:23Z
126,1024,0.3416,0.1677,0.5093,5503,4479,437.4,5.1246,2.5149,7.6395,True,ML-KEM-768,ML-DSA-65,0.15.0,edge/x86_64,2026-10-09T18:44:23Z
127,1024,0.2342,0.1595,0.3937,5503,4479,437.4,3.5133,2.3919,5.9052,True,ML-KEM-768,ML-DSA-65,0.15.0,edge/x86_64,2026-10-09T18:44:23Z
128,1024,0.4718,0.1925,0.6643,5503,4479,437.4,7.0775,2.8873,9.9648,True,ML-KEM-768,ML-DSA-65,0.15.0,edge/x86_64,2026-10-09T18:44:23Z
129,1024,0.4927,0.1615,0.6543,5503,4479,437.4,7.3908,2.4231,9.8139,True,ML-KEM-768,ML-DSA-65,0.15.0,edge/x86_64,2026-10-09T18:44:23Z
130,1024,0.208,0.2413,0.4492,5503,4479,437.4,3.1193,3.6193,6.7386,True,ML-KEM-768,ML-DSA-65,0.15.0,edge/x86_64,2026-10-09T18:44:23Z
131,1024,0.3671,0.1763,0.5434,5503,4479,437.4,5.5066,2.644,8.1506,True,ML-KEM-768,ML-DSA-65,0.15.0,edge/x86_64,2026-10-09T18:44:23Z
132,1024,0.2578,0.1599,0.4178,5503,4479,437.4,3.8674,2.3991,6.2665,True,ML-KEM-768,ML-DSA-65,0.15.0,edge/x86_64,2026-10-09T18:44:23Z
133,1024,0.8027,0.2273,1.0301,5503,4479,437.4,12.0411,3.41,15.4511,True,ML-KEM-768,ML-DSA-65,0.15.0,edge/x86_64,2026-10-09T18:44:23Z
134,1024,0.3231,0.1736,0.4966,5503,4479,437.4,4.8458,2.6034,7.4492,True,ML-KEM-768,ML-DSA-65,0.15.0,edge/x86_64,2026-10-09T18:44:23Z
135,1024,0.2017,0.1639,0.3655,5503,4479,437.4,3.0249,2.4581,5.483,True,ML-KEM-768,ML-DSA-65,0.15.0,edge/x86_64,2026-10-09T18:44:23Z
136,1024,0.2393,0.2004,0.4397,5503,4479,437.4,3.5894,3.0062,6.5956,True,ML-KEM-768,ML-DSA-65,0.15.0,edge/x86_64,2026-10-09T18:44:23Z
137,1024,0.257,0.1918,0.4488,5503,4479,437.4,3.8546,2.8769,6.7314,True,ML-KEM-768,ML-DSA-65,0.15.0,edge/x86_64,2026-10-09T18:44:23Z
138,1024,0.7146,0.3062,1.0208,5503,4479,437.4,10.7183,4.5931,15.3114,True,ML-KEM-768,ML-DSA-65,0.15.0,edge/x86_64,2026-10-09T18:44:23Z
139,1024,0.3257,0.2077,0.5334,5503,4479,437.4,4.8848,3.1162,8.001,True,ML-KEM-768,ML-DSA-65,0.15.0,edge/x86_64,2026-10-09T18:44:23Z
140,1024,0.3555,0.1855,0.541,5503,4479,437.4,5.332,2.7829,8.1149,True,ML-KEM-768,ML-DSA-65,0.15.0,edge/x86_64,2026-10-09T18:44:23Z
141,1024,0.3017,0.2466,0.5483,5503,4479,437.4,4.5253,3.6989,8.2242,True,ML-KEM-768,ML-DSA-65,0.15.0,edge/x86_64,2026-10-09T18:44:23Z
142,1024,0.3203,0.1623,0.4826,5503,4479,437.4,4.805,2.4343,7.2393,True,ML-KEM-768,ML-DSA-65,0.15.0,edge/x86_64,2026-10-09T18:44:23Z
143,1024,0.2033,0.2705,0.4738,5503,4479,437.4,3.0502,4.0575,7.1077,True,ML-KEM-768,ML-DSA-65,0.15.0,edge/x86_64,2026-10-09T18:44:23Z
144,1024,0.2512,0.1666,0.4177,5503,4479,437.4,3.7674,2.4988,6.2662,True,ML-KEM-768,ML-DSA-65,0.15.0,edge/x86_64,2026-10-09T18:44:23Z
145,1024,0.3654,0.2371,0.6024,5503,4479,437.4,5.4806,3.5558,9.0363,True,ML-KEM-768,ML-DSA-65,0.15.0,edge/x86_64,2026-10-09T18:44:23Z
146,1024,0.2192,0.1671,0.3863,5503,4479,437.4,3.2883,2.5069,5.7952,True,ML-KEM-768,ML-DSA-65,0.15.0,edge/x86_64,2026-10-09T18:44:23Z
147,1024,0.3507,0.1708,0.5214,5503,4479,437.4,5.2599,2.5618,7.8217,True,ML-KEM-768,ML-DSA-65,0.15.0,edge/x86_64,2026-10-09T18:44:23Z
148,1024,0.1962,0.168,0.3642,5503,4479,437.4,2.9428,2.5197,5.4626,True,ML-KEM-768,ML-DSA-65,0.15.0,edge/x86_64,2026-10-09T18:44:23Z
149,1024,0.2796,0.2468,0.5264,5503,4479,437.4,4.1946,3.7015,7.8961,True,ML-KEM-768,ML-DSA-65,0.15.0,edge/x86_64,2026-10-09T18:44:23Z
150,1024,0.4402,0.1868,0.6271,5503,4479,437.4,6.6037,2.8021,9.4058,True,ML-KEM-768,ML-DSA-65,0.15.0,edge/x86_64,2026-10-09T18:44:23Z
151,1024,0.4366,0.1798,0.6164,5503,4479,437.4,6.5491,2.6967,9.2458,True,ML-KEM-768,ML-DSA-65,0.15.0,edge/x86_64,2026-10-09T18:44:23Z
152,1024,0.2699,0.3271,0.597,5503,4479,437.4,4.0485,4.9072,8.9557,True,ML-KEM-768,ML-DSA-65,0.15.0,edge/x86_64,2026-10-09T18:44:23Z
153,1024,0.421,0.1841,0.6052,5503,4479,437.4,6.3154,2.7619,9.0773,True,ML-KEM-768,ML-DSA-65,0.15.0,edge/x86_64,2026-10-09T18:44:23Z
154,1024,0.3857,0.1672,0.553,5503,4479,437.4,5.7858,2.5085,8.2943,True,ML-KEM-768,ML-DSA-65,0.15.0,edge/x86_64,2026-10-09T18:44:23Z
155,1024,0.2869,0.163,0.4498,5503,4479,437.4,4.3032,2.4444,6.7476,True,ML-KEM-768,ML-DSA-65,0.15.0,edge/x86_64,2026-10-09T18:44:23Z
156,1024,0.2269,0.2795,0.5064,5503,4479,437.4,3.4032,4.1928,7.596,True,ML-KEM-768,ML-DSA-65,0.15.0,edge/x86_64,2026-10-09T18:44:23Z
157,1024,0.7008,0.2108,0.9116,5503,4479,437.4,10.5119,3.1616,13.6735,True,ML-KEM-768,ML-DSA-65,0.15.0,edge/x86_64,2026-10-09T18:44:23Z
158,1024,0.3262,0.1961,0.5223,5503,4479,437.4,4.8935,2.9418,7.8352,True,ML-KEM-768,ML-DSA-65,0.15.0,edge/x86_64,2026-10-09T18:44:23Z
159,1024,0.3134,0.2452,0.5586,5503,4479,437.4,4.7006,3.6785,8.3791,True,ML-KEM-768,ML-DSA-65,0.15.0,edge/x86_64,2026-10-09T18:44:23Z
160,1024,0.2975,0.1811,0.4786,5503,4479,437.4,4.4623,2.7167,7.179,True,ML-KEM-768,ML-DSA-65,0.15.0,edge/x86_64,2026-10-09T18:44:23Z
161,1024,0.5801,0.2001,0.7802,5503,4479,437.4,8.7022,3.0009,11.7031,True,ML-KEM-768,ML-DSA-65,0.15.0,edge/x86_64,2026-10-09T18:44:23Z
162,1024,0.2422,0.2092,0.4514,5503,4479,437.4,3.6332,3.1383,6.7715,True,ML-KEM-768,ML-DSA-65,0.15.0,edge/x86_64,2026-10-09T18:44:23Z
163,1024,0.3535,0.1696,0.5231,5503,4479,437.4,5.3023,2.5444,7.8467,True,ML-KEM-768,ML-DSA-65,0.15.0,edge/x86_64,2026-10-09T18:44:23Z
164,1024,0.1951,0.2185,0.4136,5503,4479,437.4,2.9259,3.2778,6.2037,True,ML-KEM-768,ML-DSA-65,0.15.0,edge/x86_64,2026-10-09T18:44:23Z
165,1024,0.3196,0.1598,0.4794,5503,4479,437.4,4.7939,2.3966,7.1905,True,ML-KEM-768,ML-DSA-65,0.15.0,edge/x86_64,2026-10-09T18:44:23Z
166,1024,0.3324,0.1769,0.5093,5503,4479,437.4,4.9863,2.6532,7.6395,True,ML-KEM-768,ML-DSA-65,0.15.0,edge/x86_64,2026-10-09T18:44:23Z
167,1024,0.2474,0.1721,0.4196,5503,4479,437.4,3.7116,2.5818,6.2934,True,ML-KEM-768,ML-DSA-65,0.15.0,edge/x86_64,2026-10-09T18:44:23Z
168,1024,0.2651,0.1591,0.4242,5503,4479,437.4,3.9763,2.3859,6.3623,True,ML-KEM-768,ML-DSA-65,0.15.0,edge/x86_64,2026-10-09T18:44:23Z
169,1024,0.243,0.175,0.418,5503,4479,437.4,3.6446,2.6255,6.2701,True,ML-KEM-768,ML-DSA-65,0.15.0,edge/x86_64,2026-10-09T18:44:23Z
170,1024,0.2098,0.1656,0.3754,5503,4479,437.4,3.1474,2.4838,5.6312,True,ML-KEM-768,ML-DSA-65,0.15.0,edge/x86_64,2026-10-09T18:44:23Z
171,1024,0.2217,0.1746,0.3963,5503,4479,437.4,3.3257,2.6196,5.9452,True,ML-KEM-768,ML-DSA-65,0.15.0,edge/x86_64,2026-10-09T18:44:23Z
172,1024,0.3259,0.162,0.488,5503,4479,437.4,4.8892,2.4304,7.3196,True,ML-KEM-768,ML-DSA-65,0.15.0,edge/x86_64,2026-10-09T18:44:23Z
173,1024,0.3201,0.1821,0.5022,5503,4479,437.4,4.8014,2.732,7.5334,True,ML-KEM-768,ML-DSA-65,0.15.0,edge/x86_64,2026-10-09T18:44:23Z
174,1024,0.1943,0.1756,0.37,5503,4479,437.4,2.9152,2.6343,5.5495,True,ML-KEM-768,ML-DSA-65,0.15.0,edge/x86_64,2026-10-09T18:44:23Z
175,1024,0.263,0.2605,0.5235,5503,4479,437.4,3.9451,3.9068,7.8519,True,ML-KEM-768,ML-DSA-65,0.15.0,edge/x86_64,2026-10-09T18:44:23Z
176,1024,0.3005,0.1595,0.46,5503,4479,437.4,4.5071,2.3926,6.8997,True,ML-KEM-768,ML-DSA-65,0.15.0,edge/x86_64,2026-10-09T18:44:23Z
177,1024,0.1909,0.1553,0.3462,5503,4479,437.4,2.8635,2.3292,5.1926,True,ML-KEM-768,ML-DSA-65,0.15.0,edge/x86_64,2026-10-09T18:44:23Z
178,1024,0.2136,0.1537,0.3672,5503,4479,437.4,3.2033,2.3051,5.5084,True,ML-KEM-768,ML-DSA-65,0.15.0,edge/x86_64,2026-10-09T18:44:23Z
179,1024,0.4138,0.175,0.5888,5503,4479,437.4,6.2064,2.6255,8.8318,True,ML-KEM-768,ML-DSA-65,0.15.0,edge/x86_64,2026-10-09T18:44:23Z
180,1024,0.3428,0.2067,0.5495,5503,4479,437.4,5.142,3.1009,8.2429,True,ML-KEM-768,ML-DSA-65,0.15.0,edge/x86_64,2026-10-09T18:44:23Z
181,1024,0.2147,0.1608,0.3755,5503,4479,437.4,3.2198,2.4122,5.6319,True,ML-KEM-768,ML-DSA-65,0.15.0,edge/x86_64,2026-10-09T18:44:23Z
182,1024,0.2248,0.2435,0.4683,5503,4479,437.4,3.3719,3.6531,7.025,True,ML-KEM-768,ML-DSA-65,0.15.0,edge/x86_64,2026-10-09T18:44:23Z
183,1024,0.2084,0.1576,0.3661,5503,4479,437.4,3.1264,2.3646,5.491,True,ML-KEM-768,ML-DSA-65,0.15.0,edge/x86_64,2026-10-09T18:44:23Z
184,1024,0.1857,0.1889,0.3746,5503,4479,437.4,2.7853,2.8339,5.6192,True,ML-KEM-768,ML-DSA-65,0.15.0,edge/x86_64,2026-10-09T18:44:23Z
185,1024,0.3607,0.1701,0.5308,5503,4479,437.4,5.41,2.5514,7.9614,True,ML-KEM-768,ML-DSA-65,0.15.0,edge/x86_64,2026-10-09T18:44:23Z
186,1024,0.2033,0.1799,0.3832,5503,4479,437.4,3.0489,2.6986,5.7475,True,ML-KEM-768,ML-DSA-65,0.15.0,edge/x86_64,2026-10-09T18:44:23Z
187,1024,0.3334,0.1581,0.4914,5503,4479,437.4,5.0004,2.3709,7.3713,True,ML-KEM-768,ML-DSA-65,0.15.0,edge/x86_64,2026-10-09T18:44:23Z
188,1024,0.6667,0.2997,0.9664,5503,4479,437.4,10.0001,4.4957,14.4958,True,ML-KEM-768,ML-DSA-65,0.15.0,edge/x86_64,2026-10-09T18:44:23Z
189,1024,0.2568,0.2068,0.4637,5503,4479,437.4,3.8527,3.1026,6.9553,True,ML-KEM-768,ML-DSA-65,0.15.0,edge/x86_64,2026-10-09T18:44:23Z
190,1024,0.1949,0.1644,0.3593,5503,4479,437.4,2.9236,2.4658,5.3894,True,ML-KEM-768,ML-DSA-65,0.15.0,edge/x86_64,2026-10-09T18:44:23Z
191,1024,0.2468,0.1908,0.4376,5503,4479,437.4,3.7014,2.8619,6.5633,True,ML-KEM-768,ML-DSA-65,0.15.0,edge/x86_64,2026-10-09T18:44:23Z
192,1024,0.3423,0.1915,0.5337,5503,4479,437.4,5.1339,2.8722,8.0061,True,ML-KEM-768,ML-DSA-65,0.15.0,edge/x86_64,2026-10-09T18:44:23Z
193,1024,0.304,0.1578,0.4618,5503,4479,437.4,4.5596,2.3674,6.927,True,ML-KEM-768,ML-DSA-65,0.15.0,edge/x86_64,2026-10-09T18:44:23Z
194,1024,0.2165,0.188,0.4046,5503,4479,437.4,3.2482,2.8201,6.0683,True,ML-KEM-768,ML-DSA-65,0.15.0,edge/x86_64,2026-10-09T18:44:23Z
195,1024,0.3345,0.1707,0.5052,5503,4479,437.4,5.0173,2.5611,7.5784,True,ML-KEM-768,ML-DSA-65,0.15.0,edge/x86_64,2026-10-09T18:44:23Z
196,1024,0.321,0.2203,0.5412,5503,4479,437.4,4.8145,3.304,8.1185,True,ML-KEM-768,ML-DSA-65,0.15.0,edge/x86_64,2026-10-09T18:44:23Z
197,1024,0.3262,0.1598,0.486,5503,4479,437.4,4.893,2.3965,7.2896,True,ML-KEM-768,ML-DSA-65,0.15.0,edge/x86_64,2026-10-09T18:44:23Z
198,1024,0.3617,0.1575,0.5191,5503,4479,437.4,5.4248,2.3618,7.7867,True,ML-KEM-768,ML-DSA-65,0.15.0,edge/x86_64,2026-10-09T18:44:23Z
199,1024,0.2747,0.1595,0.4342,5503,4479,437.4,4.1198,2.3926,6.5124,True,ML-KEM-768,ML-DSA-65,0.15.0,edge/x86_64,2026-10-09T18:44:23Z
